category,name,link
Additive,Agar,https://cosylab.iiitd.edu.in/flavordb/entity_details?id=494
Additive,Casein,https://cosylab.iiitd.edu.in/flavordb/entity_details?id=789
Additive,Cooking Oil,https://cosylab.iiitd.edu.in/flavordb/entity_details?id=901
Additive,Fruit Preserve,https://cosylab.iiitd.edu.in/flavordb/entity_details?id=790
Additive,Gelatin,https://cosylab.iiitd.edu.in/flavordb/entity_details?id=793
Additive,Gelatin Dessert,https://cosylab.iiitd.edu.in/flavordb/entity_details?id=850
Additive,Icing,https://cosylab.iiitd.edu.in/flavordb/entity_details?id=827
Additive,Ketchup,https://cosylab.iiitd.edu.in/flavordb/entity_details?id=880
Additive,Leavening Agent,https://cosylab.iiitd.edu.in/flavordb/entity_details?id=791
Additive,Margarine,https://cosylab.iiitd.edu.in/flavordb/entity_details?id=961
Additive,Margarine Like Spread,https://cosylab.iiitd.edu.in/flavordb/entity_details?id=962
Additive,Miso,https://cosylab.iiitd.edu.in/flavordb/entity_details?id=822
Additive,Molasses,https://cosylab.iiitd.edu.in/flavordb/entity_details?id=908
Additive,Pectin,https://cosylab.iiitd.edu.in/flavordb/entity_details?id=858
Additive,Salt,https://cosylab.iiitd.edu.in/flavordb/entity_details?id=778
Additive,Sauce,https://cosylab.iiitd.edu.in/flavordb/entity_details?id=777
Additive,Shortening,https://cosylab.iiitd.edu.in/flavordb/entity_details?id=905
Additive,Spirulina,https://cosylab.iiitd.edu.in/flavordb/entity_details?id=650
Additive,Spread,https://cosylab.iiitd.edu.in/flavordb/entity_details?id=875
Additive,Stuffing,https://cosylab.iiitd.edu.in/flavordb/entity_details?id=956
Additive,Sugar,https://cosylab.iiitd.edu.in/flavordb/entity_details?id=781
Additive,Sugar Substitute,https://cosylab.iiitd.edu.in/flavordb/entity_details?id=785
Additive,Syrup,https://cosylab.iiitd.edu.in/flavordb/entity_details?id=803
Additive,Topping,https://cosylab.iiitd.edu.in/flavordb/entity_details?id=840
Additive,Water,https://cosylab.iiitd.edu.in/flavordb/entity_details?id=794
Animal Product,Egg,https://cosylab.iiitd.edu.in/flavordb/entity_details?id=0
Bakery,Bagel,https://cosylab.iiitd.edu.in/flavordb/entity_details?id=925
Bakery,Bakery Products,https://cosylab.iiitd.edu.in/flavordb/entity_details?id=1
Bakery,Biscuit,https://cosylab.iiitd.edu.in/flavordb/entity_details?id=485
Bakery,Bread,https://cosylab.iiitd.edu.in/flavordb/entity_details?id=2
Bakery,Candy Bar,https://cosylab.iiitd.edu.in/flavordb/entity_details?id=959
Bakery,Chocolate Mousse,https://cosylab.iiitd.edu.in/flavordb/entity_details?id=945
Bakery,Corn Chip,https://cosylab.iiitd.edu.in/flavordb/entity_details?id=847
Bakery,Focaccia,https://cosylab.iiitd.edu.in/flavordb/entity_details?id=924
Bakery,French Toast,https://cosylab.iiitd.edu.in/flavordb/entity_details?id=928
Bakery,Fried Potato,https://cosylab.iiitd.edu.in/flavordb/entity_details?id=374
Bakery,Fudge,https://cosylab.iiitd.edu.in/flavordb/entity_details?id=958
Bakery,Marshmallow,https://cosylab.iiitd.edu.in/flavordb/entity_details?id=792
Bakery,Meringue,https://cosylab.iiitd.edu.in/flavordb/entity_details?id=810
Bakery,Multigrain Bread,https://cosylab.iiitd.edu.in/flavordb/entity_details?id=933
Bakery,Oat Bread,https://cosylab.iiitd.edu.in/flavordb/entity_details?id=929
Bakery,Other Bread Product,https://cosylab.iiitd.edu.in/flavordb/entity_details?id=926
Bakery,Pan Dulce,https://cosylab.iiitd.edu.in/flavordb/entity_details?id=935
Bakery,Pasta,https://cosylab.iiitd.edu.in/flavordb/entity_details?id=484
Bakery,Phyllo Dough,https://cosylab.iiitd.edu.in/flavordb/entity_details?id=900
Bakery,Pie Crust,https://cosylab.iiitd.edu.in/flavordb/entity_details?id=902
Bakery,Piki Bread,https://cosylab.iiitd.edu.in/flavordb/entity_details?id=927
Bakery,Pita Bread,https://cosylab.iiitd.edu.in/flavordb/entity_details?id=923
Bakery,Potato Bread,https://cosylab.iiitd.edu.in/flavordb/entity_details?id=930
Bakery,Potato Chip,https://cosylab.iiitd.edu.in/flavordb/entity_details?id=845
Bakery,Raisin Bread,https://cosylab.iiitd.edu.in/flavordb/entity_details?id=936
Bakery,Rice Bread,https://cosylab.iiitd.edu.in/flavordb/entity_details?id=934
Bakery,Rye Bread,https://cosylab.iiitd.edu.in/flavordb/entity_details?id=3
Bakery,Tortilla Chip,https://cosylab.iiitd.edu.in/flavordb/entity_details?id=846
Bakery,Wheaten Bread,https://cosylab.iiitd.edu.in/flavordb/entity_details?id=4
Bakery,White Bread,https://cosylab.iiitd.edu.in/flavordb/entity_details?id=5
Bakery,Wholewheat Bread,https://cosylab.iiitd.edu.in/flavordb/entity_details?id=6
Bakery,Wonton Wrapper,https://cosylab.iiitd.edu.in/flavordb/entity_details?id=937
Berry,Acerola,https://cosylab.iiitd.edu.in/flavordb/entity_details?id=491
Berry,Bayberry,https://cosylab.iiitd.edu.in/flavordb/entity_details?id=460
Berry,Berry,https://cosylab.iiitd.edu.in/flavordb/entity_details?id=220
Berry,Bilberry,https://cosylab.iiitd.edu.in/flavordb/entity_details?id=221
Berry,Bitter Cherry,https://cosylab.iiitd.edu.in/flavordb/entity_details?id=225
Berry,Black Crowberry,https://cosylab.iiitd.edu.in/flavordb/entity_details?id=422
Berry,Black Huckleberry,https://cosylab.iiitd.edu.in/flavordb/entity_details?id=425
Berry,Black Mulberry,https://cosylab.iiitd.edu.in/flavordb/entity_details?id=435
Berry,Black Raspberry,https://cosylab.iiitd.edu.in/flavordb/entity_details?id=442
Berry,Blackberry,https://cosylab.iiitd.edu.in/flavordb/entity_details?id=222
Berry,Blueberry,https://cosylab.iiitd.edu.in/flavordb/entity_details?id=223
Berry,Boysenberry,https://cosylab.iiitd.edu.in/flavordb/entity_details?id=701
Berry,Canada Blueberry,https://cosylab.iiitd.edu.in/flavordb/entity_details?id=462
Berry,Cherry,https://cosylab.iiitd.edu.in/flavordb/entity_details?id=224
Berry,Cherry Tomato,https://cosylab.iiitd.edu.in/flavordb/entity_details?id=446
Berry,Chinese Bayberry,https://cosylab.iiitd.edu.in/flavordb/entity_details?id=967
Berry,Cloudberry,https://cosylab.iiitd.edu.in/flavordb/entity_details?id=228
Berry,Cranberry,https://cosylab.iiitd.edu.in/flavordb/entity_details?id=229
Berry,Deerberry,https://cosylab.iiitd.edu.in/flavordb/entity_details?id=464
Berry,Elderberry,https://cosylab.iiitd.edu.in/flavordb/entity_details?id=179
Berry,Elliott'S Blueberry,https://cosylab.iiitd.edu.in/flavordb/entity_details?id=461
Berry,Gooseberry,https://cosylab.iiitd.edu.in/flavordb/entity_details?id=230
Berry,Groundcherry,https://cosylab.iiitd.edu.in/flavordb/entity_details?id=564
Berry,Jostaberry,https://cosylab.iiitd.edu.in/flavordb/entity_details?id=477
Berry,Lingonberry,https://cosylab.iiitd.edu.in/flavordb/entity_details?id=231
Berry,Loganberry,https://cosylab.iiitd.edu.in/flavordb/entity_details?id=232
Berry,Mexican Groundcherry,https://cosylab.iiitd.edu.in/flavordb/entity_details?id=660
Berry,Mulberry,https://cosylab.iiitd.edu.in/flavordb/entity_details?id=434
Berry,Nanking Cherry,https://cosylab.iiitd.edu.in/flavordb/entity_details?id=971
Berry,Ohelo Berry,https://cosylab.iiitd.edu.in/flavordb/entity_details?id=598
Berry,Pitanga,https://cosylab.iiitd.edu.in/flavordb/entity_details?id=611
Berry,Raspberry,https://cosylab.iiitd.edu.in/flavordb/entity_details?id=233
Berry,Red Raspberry,https://cosylab.iiitd.edu.in/flavordb/entity_details?id=441
Berry,Rowanberry,https://cosylab.iiitd.edu.in/flavordb/entity_details?id=447
Berry,Salmonberry,https://cosylab.iiitd.edu.in/flavordb/entity_details?id=632
Berry,Saskatoon Berry,https://cosylab.iiitd.edu.in/flavordb/entity_details?id=970
Berry,Sea Buckthorns,https://cosylab.iiitd.edu.in/flavordb/entity_details?id=128
Berry,Sour Cherry,https://cosylab.iiitd.edu.in/flavordb/entity_details?id=226
Berry,Sparkleberry,https://cosylab.iiitd.edu.in/flavordb/entity_details?id=453
Berry,Squashberry,https://cosylab.iiitd.edu.in/flavordb/entity_details?id=542
Berry,Strawberry,https://cosylab.iiitd.edu.in/flavordb/entity_details?id=234
Berry,Strawberry Jam,https://cosylab.iiitd.edu.in/flavordb/entity_details?id=235
Berry,Wild Cherry,https://cosylab.iiitd.edu.in/flavordb/entity_details?id=227
Beverage Alcoholic,Anise Brandy,https://cosylab.iiitd.edu.in/flavordb/entity_details?id=12
Beverage Alcoholic,Apple Brandy,https://cosylab.iiitd.edu.in/flavordb/entity_details?id=13
Beverage Alcoholic,Armagnac Brandy,https://cosylab.iiitd.edu.in/flavordb/entity_details?id=14
Beverage Alcoholic,Arrack,https://cosylab.iiitd.edu.in/flavordb/entity_details?id=8
Beverage Alcoholic,Bantu Beer,https://cosylab.iiitd.edu.in/flavordb/entity_details?id=10
Beverage Alcoholic,Beer,https://cosylab.iiitd.edu.in/flavordb/entity_details?id=9
Beverage Alcoholic,Berry Wine,https://cosylab.iiitd.edu.in/flavordb/entity_details?id=759
Beverage Alcoholic,Beverage Alcolohic Other,https://cosylab.iiitd.edu.in/flavordb/entity_details?id=488
Beverage Alcoholic,Bilberry Wine,https://cosylab.iiitd.edu.in/flavordb/entity_details?id=33
Beverage Alcoholic,Blackberry Brandy,https://cosylab.iiitd.edu.in/flavordb/entity_details?id=15
Beverage Alcoholic,Botrytized Wine,https://cosylab.iiitd.edu.in/flavordb/entity_details?id=34
Beverage Alcoholic,Bourbon Whisky,https://cosylab.iiitd.edu.in/flavordb/entity_details?id=26
Beverage Alcoholic,Brandy,https://cosylab.iiitd.edu.in/flavordb/entity_details?id=11
Beverage Alcoholic,Canadian Whisky,https://cosylab.iiitd.edu.in/flavordb/entity_details?id=27
Beverage Alcoholic,Champagne,https://cosylab.iiitd.edu.in/flavordb/entity_details?id=35
Beverage Alcoholic,Cherry Brandy,https://cosylab.iiitd.edu.in/flavordb/entity_details?id=16
Beverage Alcoholic,Cider,https://cosylab.iiitd.edu.in/flavordb/entity_details?id=36
Beverage Alcoholic,Cognac Brandy,https://cosylab.iiitd.edu.in/flavordb/entity_details?id=17
Beverage Alcoholic,Finnish Whisky,https://cosylab.iiitd.edu.in/flavordb/entity_details?id=28
Beverage Alcoholic,Gin,https://cosylab.iiitd.edu.in/flavordb/entity_details?id=23
Beverage Alcoholic,Japanese Whisky,https://cosylab.iiitd.edu.in/flavordb/entity_details?id=29
Beverage Alcoholic,Madeira Wine,https://cosylab.iiitd.edu.in/flavordb/entity_details?id=765
Beverage Alcoholic,Malt Whisky,https://cosylab.iiitd.edu.in/flavordb/entity_details?id=30
Beverage Alcoholic,Papaya Brandy,https://cosylab.iiitd.edu.in/flavordb/entity_details?id=18
Beverage Alcoholic,Pear Brandy,https://cosylab.iiitd.edu.in/flavordb/entity_details?id=19
Beverage Alcoholic,Plum Brandy,https://cosylab.iiitd.edu.in/flavordb/entity_details?id=20
Beverage Alcoholic,Plum Wine,https://cosylab.iiitd.edu.in/flavordb/entity_details?id=37
Beverage Alcoholic,Port Wine,https://cosylab.iiitd.edu.in/flavordb/entity_details?id=38
Beverage Alcoholic,Raspberry Brandy,https://cosylab.iiitd.edu.in/flavordb/entity_details?id=21
Beverage Alcoholic,Red Wine,https://cosylab.iiitd.edu.in/flavordb/entity_details?id=39
Beverage Alcoholic,Rose Wine,https://cosylab.iiitd.edu.in/flavordb/entity_details?id=40
Beverage Alcoholic,Rum,https://cosylab.iiitd.edu.in/flavordb/entity_details?id=24
Beverage Alcoholic,Sake,https://cosylab.iiitd.edu.in/flavordb/entity_details?id=41
Beverage Alcoholic,Scotch Whisky,https://cosylab.iiitd.edu.in/flavordb/entity_details?id=31
Beverage Alcoholic,Sherry,https://cosylab.iiitd.edu.in/flavordb/entity_details?id=42
Beverage Alcoholic,Sparkling Wine,https://cosylab.iiitd.edu.in/flavordb/entity_details?id=43
Beverage Alcoholic,Spirit,https://cosylab.iiitd.edu.in/flavordb/entity_details?id=487
Beverage Alcoholic,Strawberry Wine,https://cosylab.iiitd.edu.in/flavordb/entity_details?id=44
Beverage Alcoholic,Vermouth,https://cosylab.iiitd.edu.in/flavordb/entity_details?id=764
Beverage Alcoholic,Vodka,https://cosylab.iiitd.edu.in/flavordb/entity_details?id=762
Beverage Alcoholic,Weinbrand Brandy,https://cosylab.iiitd.edu.in/flavordb/entity_details?id=22
Beverage Alcoholic,Whisky,https://cosylab.iiitd.edu.in/flavordb/entity_details?id=25
Beverage Alcoholic,White Wine,https://cosylab.iiitd.edu.in/flavordb/entity_details?id=45
Beverage Alcoholic,Wine,https://cosylab.iiitd.edu.in/flavordb/entity_details?id=32
Beverage Caffeinated,Arabica Coffee,https://cosylab.iiitd.edu.in/flavordb/entity_details?id=419
Beverage Caffeinated,Black Tea,https://cosylab.iiitd.edu.in/flavordb/entity_details?id=48
Beverage Caffeinated,Coffee,https://cosylab.iiitd.edu.in/flavordb/entity_details?id=46
Beverage Caffeinated,Coffee Mocha,https://cosylab.iiitd.edu.in/flavordb/entity_details?id=867
Beverage Caffeinated,Green Tea,https://cosylab.iiitd.edu.in/flavordb/entity_details?id=49
Beverage Caffeinated,Mate,https://cosylab.iiitd.edu.in/flavordb/entity_details?id=47
Beverage Caffeinated,Roibos Tea,https://cosylab.iiitd.edu.in/flavordb/entity_details?id=50
Beverage,Anise Brandy,https://cosylab.iiitd.edu.in/flavordb/entity_details?id=12
Beverage,Apple Brandy,https://cosylab.iiitd.edu.in/flavordb/entity_details?id=13
Beverage,Arabica Coffee,https://cosylab.iiitd.edu.in/flavordb/entity_details?id=419
Beverage,Armagnac Brandy,https://cosylab.iiitd.edu.in/flavordb/entity_details?id=14
Beverage,Arrack,https://cosylab.iiitd.edu.in/flavordb/entity_details?id=8
Beverage,Bantu Beer,https://cosylab.iiitd.edu.in/flavordb/entity_details?id=10
Beverage,Beer,https://cosylab.iiitd.edu.in/flavordb/entity_details?id=9
Beverage,Berry Wine,https://cosylab.iiitd.edu.in/flavordb/entity_details?id=759
Beverage,Beverage Alcolohic Other,https://cosylab.iiitd.edu.in/flavordb/entity_details?id=488
Beverage,Bilberry Wine,https://cosylab.iiitd.edu.in/flavordb/entity_details?id=33
Beverage,Black Tea,https://cosylab.iiitd.edu.in/flavordb/entity_details?id=48
Beverage,Blackberry Brandy,https://cosylab.iiitd.edu.in/flavordb/entity_details?id=15
Beverage,Botrytized Wine,https://cosylab.iiitd.edu.in/flavordb/entity_details?id=34
Beverage,Bourbon Whisky,https://cosylab.iiitd.edu.in/flavordb/entity_details?id=26
Beverage,Brandy,https://cosylab.iiitd.edu.in/flavordb/entity_details?id=11
Beverage,Canadian Whisky,https://cosylab.iiitd.edu.in/flavordb/entity_details?id=27
Beverage,Champagne,https://cosylab.iiitd.edu.in/flavordb/entity_details?id=35
Beverage,Cherry Brandy,https://cosylab.iiitd.edu.in/flavordb/entity_details?id=16
Beverage,Cider,https://cosylab.iiitd.edu.in/flavordb/entity_details?id=36
Beverage,Cocktail,https://cosylab.iiitd.edu.in/flavordb/entity_details?id=863
Beverage,Coffee,https://cosylab.iiitd.edu.in/flavordb/entity_details?id=46
Beverage,Coffee Mocha,https://cosylab.iiitd.edu.in/flavordb/entity_details?id=867
Beverage,Cognac Brandy,https://cosylab.iiitd.edu.in/flavordb/entity_details?id=17
Beverage,Energy Drink,https://cosylab.iiitd.edu.in/flavordb/entity_details?id=830
Beverage,Finnish Whisky,https://cosylab.iiitd.edu.in/flavordb/entity_details?id=28
Beverage,Fruit Juice,https://cosylab.iiitd.edu.in/flavordb/entity_details?id=886
Beverage,Gin,https://cosylab.iiitd.edu.in/flavordb/entity_details?id=23
Beverage,Green Tea,https://cosylab.iiitd.edu.in/flavordb/entity_details?id=49
Beverage,Greenthread Tea,https://cosylab.iiitd.edu.in/flavordb/entity_details?id=939
Beverage,Hibiscus Tea,https://cosylab.iiitd.edu.in/flavordb/entity_details?id=848
Beverage,Horchata,https://cosylab.iiitd.edu.in/flavordb/entity_details?id=942
Beverage,Hot Chocolate,https://cosylab.iiitd.edu.in/flavordb/entity_details?id=818
Beverage,Japanese Whisky,https://cosylab.iiitd.edu.in/flavordb/entity_details?id=29
Beverage,Madeira Wine,https://cosylab.iiitd.edu.in/flavordb/entity_details?id=765
Beverage,Malt Whisky,https://cosylab.iiitd.edu.in/flavordb/entity_details?id=30
Beverage,Mate,https://cosylab.iiitd.edu.in/flavordb/entity_details?id=47
Beverage,Milkshake,https://cosylab.iiitd.edu.in/flavordb/entity_details?id=944
Beverage,Nutritional Drink,https://cosylab.iiitd.edu.in/flavordb/entity_details?id=878
Beverage,Papaya Brandy,https://cosylab.iiitd.edu.in/flavordb/entity_details?id=18
Beverage,Pear Brandy,https://cosylab.iiitd.edu.in/flavordb/entity_details?id=19
Beverage,Plum Brandy,https://cosylab.iiitd.edu.in/flavordb/entity_details?id=20
Beverage,Plum Wine,https://cosylab.iiitd.edu.in/flavordb/entity_details?id=37
Beverage,Port Wine,https://cosylab.iiitd.edu.in/flavordb/entity_details?id=38
Beverage,Raspberry Brandy,https://cosylab.iiitd.edu.in/flavordb/entity_details?id=21
Beverage,Red Wine,https://cosylab.iiitd.edu.in/flavordb/entity_details?id=39
Beverage,Roibos Tea,https://cosylab.iiitd.edu.in/flavordb/entity_details?id=50
Beverage,Rose Wine,https://cosylab.iiitd.edu.in/flavordb/entity_details?id=40
Beverage,Rum,https://cosylab.iiitd.edu.in/flavordb/entity_details?id=24
Beverage,Sake,https://cosylab.iiitd.edu.in/flavordb/entity_details?id=41
Beverage,Scotch Whisky,https://cosylab.iiitd.edu.in/flavordb/entity_details?id=31
Beverage,Sherry,https://cosylab.iiitd.edu.in/flavordb/entity_details?id=42
Beverage,Soft Drink,https://cosylab.iiitd.edu.in/flavordb/entity_details?id=943
Beverage,Soy Milk,https://cosylab.iiitd.edu.in/flavordb/entity_details?id=861
Beverage,Sparkling Wine,https://cosylab.iiitd.edu.in/flavordb/entity_details?id=43
Beverage,Spirit,https://cosylab.iiitd.edu.in/flavordb/entity_details?id=487
Beverage,Strawberry Wine,https://cosylab.iiitd.edu.in/flavordb/entity_details?id=44
Beverage,Vegetable Juice,https://cosylab.iiitd.edu.in/flavordb/entity_details?id=941
Beverage,Vermouth,https://cosylab.iiitd.edu.in/flavordb/entity_details?id=764
Beverage,Vodka,https://cosylab.iiitd.edu.in/flavordb/entity_details?id=762
Beverage,Weinbrand Brandy,https://cosylab.iiitd.edu.in/flavordb/entity_details?id=22
Beverage,Whisky,https://cosylab.iiitd.edu.in/flavordb/entity_details?id=25
Beverage,White Wine,https://cosylab.iiitd.edu.in/flavordb/entity_details?id=45
Beverage,Wine,https://cosylab.iiitd.edu.in/flavordb/entity_details?id=32
Beverage,Wort,https://cosylab.iiitd.edu.in/flavordb/entity_details?id=7
Cabbage,Broccoli,https://cosylab.iiitd.edu.in/flavordb/entity_details?id=351
Cabbage,Brussels Sprout,https://cosylab.iiitd.edu.in/flavordb/entity_details?id=352
Cabbage,Cabbage,https://cosylab.iiitd.edu.in/flavordb/entity_details?id=353
Cabbage,Cauliflower,https://cosylab.iiitd.edu.in/flavordb/entity_details?id=354
Cabbage,Hedge Mustard,https://cosylab.iiitd.edu.in/flavordb/entity_details?id=647
Cabbage,Horseradish,https://cosylab.iiitd.edu.in/flavordb/entity_details?id=355
Cabbage,Kai Lan,https://cosylab.iiitd.edu.in/flavordb/entity_details?id=478
Cabbage,Kale,https://cosylab.iiitd.edu.in/flavordb/entity_details?id=576
Cabbage,Kohlrabi,https://cosylab.iiitd.edu.in/flavordb/entity_details?id=359
Cabbage,Komatsuna,https://cosylab.iiitd.edu.in/flavordb/entity_details?id=475
Cabbage,Mustard,https://cosylab.iiitd.edu.in/flavordb/entity_details?id=356
Cabbage,Pak Choy,https://cosylab.iiitd.edu.in/flavordb/entity_details?id=476
Cabbage,Prairie Turnip,https://cosylab.iiitd.edu.in/flavordb/entity_details?id=615
Cabbage,Rapini,https://cosylab.iiitd.edu.in/flavordb/entity_details?id=519
Cabbage,Swamp Cabbage,https://cosylab.iiitd.edu.in/flavordb/entity_details?id=427
Cabbage,Wasabi,https://cosylab.iiitd.edu.in/flavordb/entity_details?id=361
Cereal,Annual Wild Rice,https://cosylab.iiitd.edu.in/flavordb/entity_details?id=471
Cereal,Barley,https://cosylab.iiitd.edu.in/flavordb/entity_details?id=51
Cereal,Basmati Rice,https://cosylab.iiitd.edu.in/flavordb/entity_details?id=404
Cereal,Breakfast Cereal,https://cosylab.iiitd.edu.in/flavordb/entity_details?id=482
Cereal,Bulgur,https://cosylab.iiitd.edu.in/flavordb/entity_details?id=865
Cereal,Crispbread,https://cosylab.iiitd.edu.in/flavordb/entity_details?id=52
Cereal,Flour,https://cosylab.iiitd.edu.in/flavordb/entity_details?id=920
Cereal,Hard Wheat,https://cosylab.iiitd.edu.in/flavordb/entity_details?id=473
Cereal,Malt,https://cosylab.iiitd.edu.in/flavordb/entity_details?id=53
Cereal,Oats,https://cosylab.iiitd.edu.in/flavordb/entity_details?id=54
Cereal,Oriental Wheat,https://cosylab.iiitd.edu.in/flavordb/entity_details?id=697
Cereal,Quinoa,https://cosylab.iiitd.edu.in/flavordb/entity_details?id=616
Cereal,Red Rice,https://cosylab.iiitd.edu.in/flavordb/entity_details?id=470
Cereal,Rice,https://cosylab.iiitd.edu.in/flavordb/entity_details?id=55
Cereal,Rye,https://cosylab.iiitd.edu.in/flavordb/entity_details?id=320
Cereal,Semolina,https://cosylab.iiitd.edu.in/flavordb/entity_details?id=869
Cereal,Sorghum,https://cosylab.iiitd.edu.in/flavordb/entity_details?id=448
Cereal,Sourdough,https://cosylab.iiitd.edu.in/flavordb/entity_details?id=486
Cereal,Spelt,https://cosylab.iiitd.edu.in/flavordb/entity_details?id=649
Cereal,Tartary Buckwheat,https://cosylab.iiitd.edu.in/flavordb/entity_details?id=424
Cereal,Triticale,https://cosylab.iiitd.edu.in/flavordb/entity_details?id=474
Cereal,Wheat,https://cosylab.iiitd.edu.in/flavordb/entity_details?id=452
Cereal,Wild Rice,https://cosylab.iiitd.edu.in/flavordb/entity_details?id=670
Dairy,Blue Cheese,https://cosylab.iiitd.edu.in/flavordb/entity_details?id=63
Dairy,Butter,https://cosylab.iiitd.edu.in/flavordb/entity_details?id=60
Dairy,Buttermilk,https://cosylab.iiitd.edu.in/flavordb/entity_details?id=61
Dairy,Camembert Cheese,https://cosylab.iiitd.edu.in/flavordb/entity_details?id=64
Dairy,Cheddar Cheese,https://cosylab.iiitd.edu.in/flavordb/entity_details?id=65
Dairy,Cheese,https://cosylab.iiitd.edu.in/flavordb/entity_details?id=62
Dairy,Comte Cheese,https://cosylab.iiitd.edu.in/flavordb/entity_details?id=66
Dairy,Condensed Milk,https://cosylab.iiitd.edu.in/flavordb/entity_details?id=960
Dairy,Cottage Cheese,https://cosylab.iiitd.edu.in/flavordb/entity_details?id=67
Dairy,Cream,https://cosylab.iiitd.edu.in/flavordb/entity_details?id=780
Dairy,Cream Cheese,https://cosylab.iiitd.edu.in/flavordb/entity_details?id=68
Dairy,Dairy Products,https://cosylab.iiitd.edu.in/flavordb/entity_details?id=86
Dairy,Domiati Cheese,https://cosylab.iiitd.edu.in/flavordb/entity_details?id=69
Dairy,Dulce De Leche,https://cosylab.iiitd.edu.in/flavordb/entity_details?id=839
Dairy,Emmental Cheese,https://cosylab.iiitd.edu.in/flavordb/entity_details?id=70
Dairy,Evaporated Milk,https://cosylab.iiitd.edu.in/flavordb/entity_details?id=919
Dairy,Feta Cheese,https://cosylab.iiitd.edu.in/flavordb/entity_details?id=71
Dairy,Ghee,https://cosylab.iiitd.edu.in/flavordb/entity_details?id=87
Dairy,Goat Cheese,https://cosylab.iiitd.edu.in/flavordb/entity_details?id=72
Dairy,Goat Milk,https://cosylab.iiitd.edu.in/flavordb/entity_details?id=90
Dairy,Gruyere Cheese,https://cosylab.iiitd.edu.in/flavordb/entity_details?id=73
Dairy,Junket,https://cosylab.iiitd.edu.in/flavordb/entity_details?id=851
Dairy,Kefir,https://cosylab.iiitd.edu.in/flavordb/entity_details?id=820
Dairy,Limburger Cheese,https://cosylab.iiitd.edu.in/flavordb/entity_details?id=74
Dairy,Milk,https://cosylab.iiitd.edu.in/flavordb/entity_details?id=88
Dairy,Milk Fat,https://cosylab.iiitd.edu.in/flavordb/entity_details?id=89
Dairy,Milk Human,https://cosylab.iiitd.edu.in/flavordb/entity_details?id=796
Dairy,Milk Powder,https://cosylab.iiitd.edu.in/flavordb/entity_details?id=91
Dairy,Mozzarella Cheese,https://cosylab.iiitd.edu.in/flavordb/entity_details?id=75
Dairy,Munster Cheese,https://cosylab.iiitd.edu.in/flavordb/entity_details?id=76
Dairy,Other Cheeses,https://cosylab.iiitd.edu.in/flavordb/entity_details?id=77
Dairy,Other Fermented Milk,https://cosylab.iiitd.edu.in/flavordb/entity_details?id=821
Dairy,Paneer,https://cosylab.iiitd.edu.in/flavordb/entity_details?id=402
Dairy,Parmesan Cheese,https://cosylab.iiitd.edu.in/flavordb/entity_details?id=78
Dairy,Provolone Cheese,https://cosylab.iiitd.edu.in/flavordb/entity_details?id=79
Dairy,Ricotta Cheese,https://cosylab.iiitd.edu.in/flavordb/entity_details?id=405
Dairy,Romano Cheese,https://cosylab.iiitd.edu.in/flavordb/entity_details?id=80
Dairy,Roquefort Cheese,https://cosylab.iiitd.edu.in/flavordb/entity_details?id=81
Dairy,Russian Cheese,https://cosylab.iiitd.edu.in/flavordb/entity_details?id=82
Dairy,Sheep Cheese,https://cosylab.iiitd.edu.in/flavordb/entity_details?id=83
Dairy,Sheep Milk,https://cosylab.iiitd.edu.in/flavordb/entity_details?id=92
Dairy,Skimmed Milk,https://cosylab.iiitd.edu.in/flavordb/entity_details?id=93
Dairy,Sweet Custard,https://cosylab.iiitd.edu.in/flavordb/entity_details?id=841
Dairy,Swiss Cheese,https://cosylab.iiitd.edu.in/flavordb/entity_details?id=84
Dairy,Tilsit Cheese,https://cosylab.iiitd.edu.in/flavordb/entity_details?id=85
Dairy,Whey,https://cosylab.iiitd.edu.in/flavordb/entity_details?id=788
Dairy,Ymer,https://cosylab.iiitd.edu.in/flavordb/entity_details?id=770
Dairy,Yogurt,https://cosylab.iiitd.edu.in/flavordb/entity_details?id=94
Dish,Adobo,https://cosylab.iiitd.edu.in/flavordb/entity_details?id=882
Dish,Akutaq,https://cosylab.iiitd.edu.in/flavordb/entity_details?id=921
Dish,Arepa,https://cosylab.iiitd.edu.in/flavordb/entity_details?id=949
Dish,Baked Potato,https://cosylab.iiitd.edu.in/flavordb/entity_details?id=873
Dish,Breakfast Sandwich,https://cosylab.iiitd.edu.in/flavordb/entity_details?id=881
Dish,Burrito,https://cosylab.iiitd.edu.in/flavordb/entity_details?id=831
Dish,Cake,https://cosylab.iiitd.edu.in/flavordb/entity_details?id=768
Dish,Chewing Gum,https://cosylab.iiitd.edu.in/flavordb/entity_details?id=774
Dish,Chili,https://cosylab.iiitd.edu.in/flavordb/entity_details?id=833
Dish,Chimichanga,https://cosylab.iiitd.edu.in/flavordb/entity_details?id=868
Dish,Cold Cut,https://cosylab.iiitd.edu.in/flavordb/entity_details?id=893
Dish,Couscous,https://cosylab.iiitd.edu.in/flavordb/entity_details?id=864
Dish,Dragée,https://cosylab.iiitd.edu.in/flavordb/entity_details?id=773
Dish,Dumpling,https://cosylab.iiitd.edu.in/flavordb/entity_details?id=799
Dish,Egg Roll,https://cosylab.iiitd.edu.in/flavordb/entity_details?id=842
Dish,Empanada,https://cosylab.iiitd.edu.in/flavordb/entity_details?id=948
Dish,Enchilada,https://cosylab.iiitd.edu.in/flavordb/entity_details?id=876
Dish,Falafel,https://cosylab.iiitd.edu.in/flavordb/entity_details?id=852
Dish,Fish Burger,https://cosylab.iiitd.edu.in/flavordb/entity_details?id=953
Dish,Frankfurter Sausage,https://cosylab.iiitd.edu.in/flavordb/entity_details?id=273
Dish,Fruit Gum,https://cosylab.iiitd.edu.in/flavordb/entity_details?id=807
Dish,Fruit Salad,https://cosylab.iiitd.edu.in/flavordb/entity_details?id=889
Dish,Frybread,https://cosylab.iiitd.edu.in/flavordb/entity_details?id=853
Dish,Gefilte Fish,https://cosylab.iiitd.edu.in/flavordb/entity_details?id=951
Dish,Hamburger,https://cosylab.iiitd.edu.in/flavordb/entity_details?id=832
Dish,Hot Dog,https://cosylab.iiitd.edu.in/flavordb/entity_details?id=874
Dish,Hummus,https://cosylab.iiitd.edu.in/flavordb/entity_details?id=963
Dish,Hushpuppy,https://cosylab.iiitd.edu.in/flavordb/entity_details?id=885
Dish,Ice Cream,https://cosylab.iiitd.edu.in/flavordb/entity_details?id=763
Dish,Ice Cream Cone,https://cosylab.iiitd.edu.in/flavordb/entity_details?id=907
Dish,Lasagna,https://cosylab.iiitd.edu.in/flavordb/entity_details?id=855
Dish,Macaroni And Cheese,https://cosylab.iiitd.edu.in/flavordb/entity_details?id=883
Dish,Marzipan,https://cosylab.iiitd.edu.in/flavordb/entity_details?id=775
Dish,Meat Bouillon,https://cosylab.iiitd.edu.in/flavordb/entity_details?id=786
Dish,Meatball,https://cosylab.iiitd.edu.in/flavordb/entity_details?id=783
Dish,Meatloaf,https://cosylab.iiitd.edu.in/flavordb/entity_details?id=862
Dish,Nachos,https://cosylab.iiitd.edu.in/flavordb/entity_details?id=836
Dish,Natto,https://cosylab.iiitd.edu.in/flavordb/entity_details?id=911
Dish,Nougat,https://cosylab.iiitd.edu.in/flavordb/entity_details?id=766
Dish,Other Dish,https://cosylab.iiitd.edu.in/flavordb/entity_details?id=954
Dish,Other Frozen Dessert,https://cosylab.iiitd.edu.in/flavordb/entity_details?id=854
Dish,Other Pasta Dish,https://cosylab.iiitd.edu.in/flavordb/entity_details?id=914
Dish,Other Sandwich,https://cosylab.iiitd.edu.in/flavordb/entity_details?id=879
Dish,Other Snack Food,https://cosylab.iiitd.edu.in/flavordb/entity_details?id=771
Dish,Pancake,https://cosylab.iiitd.edu.in/flavordb/entity_details?id=857
Dish,Pastry,https://cosylab.iiitd.edu.in/flavordb/entity_details?id=772
Dish,Pate,https://cosylab.iiitd.edu.in/flavordb/entity_details?id=784
Dish,Pie,https://cosylab.iiitd.edu.in/flavordb/entity_details?id=904
Dish,Pizza,https://cosylab.iiitd.edu.in/flavordb/entity_details?id=769
Dish,Pot Pie,https://cosylab.iiitd.edu.in/flavordb/entity_details?id=955
Dish,Potato Gratin,https://cosylab.iiitd.edu.in/flavordb/entity_details?id=965
Dish,Potato Puffs,https://cosylab.iiitd.edu.in/flavordb/entity_details?id=964
Dish,Pudding,https://cosylab.iiitd.edu.in/flavordb/entity_details?id=859
Dish,Pupusa,https://cosylab.iiitd.edu.in/flavordb/entity_details?id=947
Dish,Quesadilla,https://cosylab.iiitd.edu.in/flavordb/entity_details?id=872
Dish,Ravioli,https://cosylab.iiitd.edu.in/flavordb/entity_details?id=912
Dish,Relish,https://cosylab.iiitd.edu.in/flavordb/entity_details?id=887
Dish,Remoulade,https://cosylab.iiitd.edu.in/flavordb/entity_details?id=805
Dish,Rice Cake,https://cosylab.iiitd.edu.in/flavordb/entity_details?id=917
Dish,Salad,https://cosylab.iiitd.edu.in/flavordb/entity_details?id=837
Dish,Salad Dressing,https://cosylab.iiitd.edu.in/flavordb/entity_details?id=776
Dish,Sausage,https://cosylab.iiitd.edu.in/flavordb/entity_details?id=782
Dish,Scrapple,https://cosylab.iiitd.edu.in/flavordb/entity_details?id=913
Dish,Snack Bar,https://cosylab.iiitd.edu.in/flavordb/entity_details?id=828
Dish,Soup,https://cosylab.iiitd.edu.in/flavordb/entity_details?id=800
Dish,Soy Cream,https://cosylab.iiitd.edu.in/flavordb/entity_details?id=906
Dish,Stew,https://cosylab.iiitd.edu.in/flavordb/entity_details?id=849
Dish,Succotash,https://cosylab.iiitd.edu.in/flavordb/entity_details?id=915
Dish,Taco,https://cosylab.iiitd.edu.in/flavordb/entity_details?id=834
Dish,Tamale,https://cosylab.iiitd.edu.in/flavordb/entity_details?id=916
Dish,Toffee,https://cosylab.iiitd.edu.in/flavordb/entity_details?id=767
Dish,Tortilla,https://cosylab.iiitd.edu.in/flavordb/entity_details?id=835
Dish,Tostada,https://cosylab.iiitd.edu.in/flavordb/entity_details?id=871
Dish,Trail Mix,https://cosylab.iiitd.edu.in/flavordb/entity_details?id=938
Dish,Vegetarian Food,https://cosylab.iiitd.edu.in/flavordb/entity_details?id=891
Dish,Waffle,https://cosylab.iiitd.edu.in/flavordb/entity_details?id=860
Dish,Zwieback,https://cosylab.iiitd.edu.in/flavordb/entity_details?id=824
Essential Oil,Achilleas,https://cosylab.iiitd.edu.in/flavordb/entity_details?id=95
Essential Oil,Arar,https://cosylab.iiitd.edu.in/flavordb/entity_details?id=96
Essential Oil,Buchu,https://cosylab.iiitd.edu.in/flavordb/entity_details?id=97
Essential Oil,Cajeput,https://cosylab.iiitd.edu.in/flavordb/entity_details?id=98
Essential Oil,Camphor,https://cosylab.iiitd.edu.in/flavordb/entity_details?id=99
Essential Oil,Canola Oil,https://cosylab.iiitd.edu.in/flavordb/entity_details?id=380
Essential Oil,Cascarilla,https://cosylab.iiitd.edu.in/flavordb/entity_details?id=100
Essential Oil,Cedar,https://cosylab.iiitd.edu.in/flavordb/entity_details?id=101
Essential Oil,Chamomile,https://cosylab.iiitd.edu.in/flavordb/entity_details?id=102
Essential Oil,Citronella,https://cosylab.iiitd.edu.in/flavordb/entity_details?id=103
Essential Oil,Citrus Peel Oil,https://cosylab.iiitd.edu.in/flavordb/entity_details?id=104
Essential Oil,Clary Sage,https://cosylab.iiitd.edu.in/flavordb/entity_details?id=124
Essential Oil,Eucalyptus,https://cosylab.iiitd.edu.in/flavordb/entity_details?id=105
Essential Oil,Fir,https://cosylab.iiitd.edu.in/flavordb/entity_details?id=106
Essential Oil,Geranium,https://cosylab.iiitd.edu.in/flavordb/entity_details?id=107
Essential Oil,Grapefruit Peel Oil,https://cosylab.iiitd.edu.in/flavordb/entity_details?id=108
Essential Oil,Grass,https://cosylab.iiitd.edu.in/flavordb/entity_details?id=109
Essential Oil,Hops Oil,https://cosylab.iiitd.edu.in/flavordb/entity_details?id=110
Essential Oil,Hyacinth,https://cosylab.iiitd.edu.in/flavordb/entity_details?id=111
Essential Oil,Hyssop Oil,https://cosylab.iiitd.edu.in/flavordb/entity_details?id=112
Essential Oil,Kenaf,https://cosylab.iiitd.edu.in/flavordb/entity_details?id=390
Essential Oil,Kewda,https://cosylab.iiitd.edu.in/flavordb/entity_details?id=393
Essential Oil,Lemon Grass,https://cosylab.iiitd.edu.in/flavordb/entity_details?id=113
Essential Oil,Lemon Peel Oil,https://cosylab.iiitd.edu.in/flavordb/entity_details?id=114
Essential Oil,Lime Peel Oil,https://cosylab.iiitd.edu.in/flavordb/entity_details?id=115
Essential Oil,Lotus,https://cosylab.iiitd.edu.in/flavordb/entity_details?id=391
Essential Oil,Lovage,https://cosylab.iiitd.edu.in/flavordb/entity_details?id=116
Essential Oil,Mandarin Orange Peel Oil,https://cosylab.iiitd.edu.in/flavordb/entity_details?id=117
Essential Oil,Mastic Gum,https://cosylab.iiitd.edu.in/flavordb/entity_details?id=118
Essential Oil,Mentha Oil,https://cosylab.iiitd.edu.in/flavordb/entity_details?id=119
Essential Oil,Myrrh,https://cosylab.iiitd.edu.in/flavordb/entity_details?id=120
Essential Oil,Neroli Oil,https://cosylab.iiitd.edu.in/flavordb/entity_details?id=121
Essential Oil,Orange Oil,https://cosylab.iiitd.edu.in/flavordb/entity_details?id=122
Essential Oil,Orris,https://cosylab.iiitd.edu.in/flavordb/entity_details?id=123
Essential Oil,Red Sage,https://cosylab.iiitd.edu.in/flavordb/entity_details?id=125
Essential Oil,Sandalwood,https://cosylab.iiitd.edu.in/flavordb/entity_details?id=127
Essential Oil,Spanish Sage,https://cosylab.iiitd.edu.in/flavordb/entity_details?id=126
Essential Oil,Sweet Grass,https://cosylab.iiitd.edu.in/flavordb/entity_details?id=129
Essential Oil,Valerian,https://cosylab.iiitd.edu.in/flavordb/entity_details?id=130
Essential Oil,Wattle,https://cosylab.iiitd.edu.in/flavordb/entity_details?id=131
Essential Oil,Yarrow,https://cosylab.iiitd.edu.in/flavordb/entity_details?id=132
Essential Oil,Ylang-Ylang,https://cosylab.iiitd.edu.in/flavordb/entity_details?id=133
Fish,Alaska Blackfish,https://cosylab.iiitd.edu.in/flavordb/entity_details?id=512
Fish,Alaska Pollock,https://cosylab.iiitd.edu.in/flavordb/entity_details?id=664
Fish,Albacore Tuna,https://cosylab.iiitd.edu.in/flavordb/entity_details?id=679
Fish,American Butterfish,https://cosylab.iiitd.edu.in/flavordb/entity_details?id=524
Fish,American Shad,https://cosylab.iiitd.edu.in/flavordb/entity_details?id=643
Fish,Anchovy,https://cosylab.iiitd.edu.in/flavordb/entity_details?id=720
Fish,Anguilliformes,https://cosylab.iiitd.edu.in/flavordb/entity_details?id=729
Fish,Atlantic Croaker,https://cosylab.iiitd.edu.in/flavordb/entity_details?id=543
Fish,Atlantic Halibut,https://cosylab.iiitd.edu.in/flavordb/entity_details?id=680
Fish,Atlantic Herring,https://cosylab.iiitd.edu.in/flavordb/entity_details?id=500
Fish,Atlantic Mackerel,https://cosylab.iiitd.edu.in/flavordb/entity_details?id=501
Fish,Atlantic Menhaden,https://cosylab.iiitd.edu.in/flavordb/entity_details?id=716
Fish,Atlantic Pollock,https://cosylab.iiitd.edu.in/flavordb/entity_details?id=503
Fish,Atlantic Salmon,https://cosylab.iiitd.edu.in/flavordb/entity_details?id=631
Fish,Atlantic Wolffish,https://cosylab.iiitd.edu.in/flavordb/entity_details?id=504
Fish,Beluga Whale,https://cosylab.iiitd.edu.in/flavordb/entity_details?id=509
Fish,Blue Whiting,https://cosylab.iiitd.edu.in/flavordb/entity_details?id=721
Fish,Bluefish,https://cosylab.iiitd.edu.in/flavordb/entity_details?id=514
Fish,Bonito,https://cosylab.iiitd.edu.in/flavordb/entity_details?id=148
Fish,Bowhead Whale,https://cosylab.iiitd.edu.in/flavordb/entity_details?id=516
Fish,Broad Whitefish,https://cosylab.iiitd.edu.in/flavordb/entity_details?id=667
Fish,Burbot,https://cosylab.iiitd.edu.in/flavordb/entity_details?id=522
Fish,Carp Bream,https://cosylab.iiitd.edu.in/flavordb/entity_details?id=722
Fish,Catfish,https://cosylab.iiitd.edu.in/flavordb/entity_details?id=753
Fish,Caviar,https://cosylab.iiitd.edu.in/flavordb/entity_details?id=149
Fish,Cetacea,https://cosylab.iiitd.edu.in/flavordb/entity_details?id=756
Fish,Channel Catfish,https://cosylab.iiitd.edu.in/flavordb/entity_details?id=532
Fish,Charr,https://cosylab.iiitd.edu.in/flavordb/entity_details?id=725
Fish,Chinook Salmon,https://cosylab.iiitd.edu.in/flavordb/entity_details?id=630
Fish,Chum Salmon,https://cosylab.iiitd.edu.in/flavordb/entity_details?id=627
Fish,Cichlidae,https://cosylab.iiitd.edu.in/flavordb/entity_details?id=826
Fish,Cisco,https://cosylab.iiitd.edu.in/flavordb/entity_details?id=536
Fish,Clupeinae,https://cosylab.iiitd.edu.in/flavordb/entity_details?id=683
Fish,Codfish,https://cosylab.iiitd.edu.in/flavordb/entity_details?id=150
Fish,Coho Salmon,https://cosylab.iiitd.edu.in/flavordb/entity_details?id=628
Fish,Common Carp,https://cosylab.iiitd.edu.in/flavordb/entity_details?id=531
Fish,Common Dab,https://cosylab.iiitd.edu.in/flavordb/entity_details?id=726
Fish,Common Ling,https://cosylab.iiitd.edu.in/flavordb/entity_details?id=580
Fish,Common Tuna,https://cosylab.iiitd.edu.in/flavordb/entity_details?id=755
Fish,Conch,https://cosylab.iiitd.edu.in/flavordb/entity_details?id=758
Fish,Cusk,https://cosylab.iiitd.edu.in/flavordb/entity_details?id=544
Fish,Cuttlefish,https://cosylab.iiitd.edu.in/flavordb/entity_details?id=545
Fish,Devilfish,https://cosylab.iiitd.edu.in/flavordb/entity_details?id=547
Fish,Dolphin Fish,https://cosylab.iiitd.edu.in/flavordb/entity_details?id=549
Fish,European Anchovy,https://cosylab.iiitd.edu.in/flavordb/entity_details?id=556
Fish,Fatty Fish,https://cosylab.iiitd.edu.in/flavordb/entity_details?id=152
Fish,Fish,https://cosylab.iiitd.edu.in/flavordb/entity_details?id=151
Fish,Fish Oil,https://cosylab.iiitd.edu.in/flavordb/entity_details?id=154
Fish,Flatfish,https://cosylab.iiitd.edu.in/flavordb/entity_details?id=694
Fish,Florida Pompano,https://cosylab.iiitd.edu.in/flavordb/entity_details?id=560
Fish,Freshwater Drum,https://cosylab.iiitd.edu.in/flavordb/entity_details?id=550
Fish,Freshwater Eel,https://cosylab.iiitd.edu.in/flavordb/entity_details?id=552
Fish,Gadiformes,https://cosylab.iiitd.edu.in/flavordb/entity_details?id=732
Fish,Garfish,https://cosylab.iiitd.edu.in/flavordb/entity_details?id=731
Fish,Greater Sturgeon,https://cosylab.iiitd.edu.in/flavordb/entity_details?id=653
Fish,Greenland Halibut,https://cosylab.iiitd.edu.in/flavordb/entity_details?id=563
Fish,Grouper,https://cosylab.iiitd.edu.in/flavordb/entity_details?id=565
Fish,Haddock,https://cosylab.iiitd.edu.in/flavordb/entity_details?id=566
Fish,Hippoglossus,https://cosylab.iiitd.edu.in/flavordb/entity_details?id=567
Fish,King Mackerel,https://cosylab.iiitd.edu.in/flavordb/entity_details?id=577
Fish,Lake Trout,https://cosylab.iiitd.edu.in/flavordb/entity_details?id=734
Fish,Lean Fish,https://cosylab.iiitd.edu.in/flavordb/entity_details?id=153
Fish,Lemon Sole,https://cosylab.iiitd.edu.in/flavordb/entity_details?id=735
Fish,Lingcod,https://cosylab.iiitd.edu.in/flavordb/entity_details?id=581
Fish,Lumpsucker,https://cosylab.iiitd.edu.in/flavordb/entity_details?id=736
Fish,Milkfish,https://cosylab.iiitd.edu.in/flavordb/entity_details?id=587
Fish,Monkfish,https://cosylab.iiitd.edu.in/flavordb/entity_details?id=588
Fish,Northern Bluefin Tuna,https://cosylab.iiitd.edu.in/flavordb/entity_details?id=513
Fish,Northern Pike,https://cosylab.iiitd.edu.in/flavordb/entity_details?id=608
Fish,Norway Haddock,https://cosylab.iiitd.edu.in/flavordb/entity_details?id=738
Fish,Norway Pout,https://cosylab.iiitd.edu.in/flavordb/entity_details?id=739
Fish,Nuttall Cockle,https://cosylab.iiitd.edu.in/flavordb/entity_details?id=537
Fish,Ocean Pout,https://cosylab.iiitd.edu.in/flavordb/entity_details?id=596
Fish,Orange Roughy,https://cosylab.iiitd.edu.in/flavordb/entity_details?id=624
Fish,Other Fish Product,https://cosylab.iiitd.edu.in/flavordb/entity_details?id=795
Fish,Pacific Herring,https://cosylab.iiitd.edu.in/flavordb/entity_details?id=603
Fish,Pacific Jack Mackerel,https://cosylab.iiitd.edu.in/flavordb/entity_details?id=571
Fish,Pacific Ocean Perch,https://cosylab.iiitd.edu.in/flavordb/entity_details?id=746
Fish,Pacific Rockfish,https://cosylab.iiitd.edu.in/flavordb/entity_details?id=604
Fish,Pacific Sardine,https://cosylab.iiitd.edu.in/flavordb/entity_details?id=635
Fish,Painted Comber,https://cosylab.iiitd.edu.in/flavordb/entity_details?id=502
Fish,Perciformes,https://cosylab.iiitd.edu.in/flavordb/entity_details?id=688
Fish,Percoidei,https://cosylab.iiitd.edu.in/flavordb/entity_details?id=687
Fish,Pikeperch,https://cosylab.iiitd.edu.in/flavordb/entity_details?id=743
Fish,Pink Salmon,https://cosylab.iiitd.edu.in/flavordb/entity_details?id=626
Fish,Pleuronectidae,https://cosylab.iiitd.edu.in/flavordb/entity_details?id=744
Fish,Pollock,https://cosylab.iiitd.edu.in/flavordb/entity_details?id=678
Fish,Pumpkinseed Sunfish,https://cosylab.iiitd.edu.in/flavordb/entity_details?id=655
Fish,Rainbow Smelt,https://cosylab.iiitd.edu.in/flavordb/entity_details?id=619
Fish,Rainbow Trout,https://cosylab.iiitd.edu.in/flavordb/entity_details?id=620
Fish,Roe,https://cosylab.iiitd.edu.in/flavordb/entity_details?id=825
Fish,Sablefish,https://cosylab.iiitd.edu.in/flavordb/entity_details?id=625
Fish,Salmon,https://cosylab.iiitd.edu.in/flavordb/entity_details?id=156
Fish,Salmonidae,https://cosylab.iiitd.edu.in/flavordb/entity_details?id=662
Fish,Scombridae,https://cosylab.iiitd.edu.in/flavordb/entity_details?id=737
Fish,Scup,https://cosylab.iiitd.edu.in/flavordb/entity_details?id=636
Fish,Sea Trout,https://cosylab.iiitd.edu.in/flavordb/entity_details?id=641
Fish,Shark,https://cosylab.iiitd.edu.in/flavordb/entity_details?id=644
Fish,Sheefish,https://cosylab.iiitd.edu.in/flavordb/entity_details?id=645
Fish,Sheepshead,https://cosylab.iiitd.edu.in/flavordb/entity_details?id=646
Fish,Smelt,https://cosylab.iiitd.edu.in/flavordb/entity_details?id=682
Fish,Smoked Fish,https://cosylab.iiitd.edu.in/flavordb/entity_details?id=155
Fish,Snapper,https://cosylab.iiitd.edu.in/flavordb/entity_details?id=648
Fish,Sockeye Salmon,https://cosylab.iiitd.edu.in/flavordb/entity_details?id=629
Fish,Spanish Mackerel,https://cosylab.iiitd.edu.in/flavordb/entity_details?id=634
Fish,Spiny Dogfish,https://cosylab.iiitd.edu.in/flavordb/entity_details?id=727
Fish,Spot Croaker,https://cosylab.iiitd.edu.in/flavordb/entity_details?id=713
Fish,Striped Bass,https://cosylab.iiitd.edu.in/flavordb/entity_details?id=506
Fish,Striped Mullet,https://cosylab.iiitd.edu.in/flavordb/entity_details?id=592
Fish,Sturgeon,https://cosylab.iiitd.edu.in/flavordb/entity_details?id=724
Fish,Swordfish,https://cosylab.iiitd.edu.in/flavordb/entity_details?id=656
Fish,Tilefish,https://cosylab.iiitd.edu.in/flavordb/entity_details?id=659
Fish,True Sole,https://cosylab.iiitd.edu.in/flavordb/entity_details?id=752
Fish,Turbot,https://cosylab.iiitd.edu.in/flavordb/entity_details?id=558
Fish,Walleye,https://cosylab.iiitd.edu.in/flavordb/entity_details?id=663
Fish,White Sucker,https://cosylab.iiitd.edu.in/flavordb/entity_details?id=654
Fish,Whitefish,https://cosylab.iiitd.edu.in/flavordb/entity_details?id=668
Fish,Whiting,https://cosylab.iiitd.edu.in/flavordb/entity_details?id=669
Fish,Yellowfin Tuna,https://cosylab.iiitd.edu.in/flavordb/entity_details?id=676
Fish,Yellowtail Amberjack,https://cosylab.iiitd.edu.in/flavordb/entity_details?id=677
Flower,Artichoke,https://cosylab.iiitd.edu.in/flavordb/entity_details?id=157
Flower,Champaca,https://cosylab.iiitd.edu.in/flavordb/entity_details?id=158
Flower,Dandelion,https://cosylab.iiitd.edu.in/flavordb/entity_details?id=449
Flower,Garland Chrysanthemum,https://cosylab.iiitd.edu.in/flavordb/entity_details?id=535
Flower,Jasmine,https://cosylab.iiitd.edu.in/flavordb/entity_details?id=159
Flower,Lavendar,https://cosylab.iiitd.edu.in/flavordb/entity_details?id=160
Flower,Rose,https://cosylab.iiitd.edu.in/flavordb/entity_details?id=161
Flower,Sesbania Flower,https://cosylab.iiitd.edu.in/flavordb/entity_details?id=642
Flower,Sunflower,https://cosylab.iiitd.edu.in/flavordb/entity_details?id=426
Fruit Citrus,Bergamot,https://cosylab.iiitd.edu.in/flavordb/entity_details?id=236
Fruit Citrus,Citrus Fruits,https://cosylab.iiitd.edu.in/flavordb/entity_details?id=237
Fruit Citrus,Grapefruit,https://cosylab.iiitd.edu.in/flavordb/entity_details?id=238
Fruit Citrus,Kumquat,https://cosylab.iiitd.edu.in/flavordb/entity_details?id=239
Fruit Citrus,Lemon,https://cosylab.iiitd.edu.in/flavordb/entity_details?id=240
Fruit Citrus,Lime,https://cosylab.iiitd.edu.in/flavordb/entity_details?id=241
Fruit Citrus,Mandarin Orange,https://cosylab.iiitd.edu.in/flavordb/entity_details?id=242
Fruit Citrus,Pummelo,https://cosylab.iiitd.edu.in/flavordb/entity_details?id=418
Fruit Citrus,Satsuma Orange,https://cosylab.iiitd.edu.in/flavordb/entity_details?id=243
Fruit Citrus,Tangerine,https://cosylab.iiitd.edu.in/flavordb/entity_details?id=244
Fruit,Apple,https://cosylab.iiitd.edu.in/flavordb/entity_details?id=162
Fruit,Apple Sauce,https://cosylab.iiitd.edu.in/flavordb/entity_details?id=163
Fruit,Apricot,https://cosylab.iiitd.edu.in/flavordb/entity_details?id=164
Fruit,Avocado,https://cosylab.iiitd.edu.in/flavordb/entity_details?id=165
Fruit,Babaco,https://cosylab.iiitd.edu.in/flavordb/entity_details?id=166
Fruit,Banana,https://cosylab.iiitd.edu.in/flavordb/entity_details?id=167
Fruit,Bartlett Pear,https://cosylab.iiitd.edu.in/flavordb/entity_details?id=203
Fruit,Beli,https://cosylab.iiitd.edu.in/flavordb/entity_details?id=168
Fruit,Bergamot,https://cosylab.iiitd.edu.in/flavordb/entity_details?id=236
Fruit,Bitter Orange,https://cosylab.iiitd.edu.in/flavordb/entity_details?id=195
Fruit,Black Currant,https://cosylab.iiitd.edu.in/flavordb/entity_details?id=174
Fruit,Breadfruit,https://cosylab.iiitd.edu.in/flavordb/entity_details?id=517
Fruit,Buffalo Currant,https://cosylab.iiitd.edu.in/flavordb/entity_details?id=463
Fruit,Butternut Squash,https://cosylab.iiitd.edu.in/flavordb/entity_details?id=526
Fruit,Byrsonima Crassifolia,https://cosylab.iiitd.edu.in/flavordb/entity_details?id=169
Fruit,Capsicum,https://cosylab.iiitd.edu.in/flavordb/entity_details?id=362
Fruit,Cashew Apple,https://cosylab.iiitd.edu.in/flavordb/entity_details?id=170
Fruit,Cherimoya,https://cosylab.iiitd.edu.in/flavordb/entity_details?id=171
Fruit,Cherry Pepper,https://cosylab.iiitd.edu.in/flavordb/entity_details?id=363
Fruit,Chinese Quince,https://cosylab.iiitd.edu.in/flavordb/entity_details?id=211
Fruit,Citrus Fruits,https://cosylab.iiitd.edu.in/flavordb/entity_details?id=237
Fruit,Coconut,https://cosylab.iiitd.edu.in/flavordb/entity_details?id=172
Fruit,Common Persimmon,https://cosylab.iiitd.edu.in/flavordb/entity_details?id=606
Fruit,CupuaU,https://cosylab.iiitd.edu.in/flavordb/entity_details?id=896
Fruit,Currant,https://cosylab.iiitd.edu.in/flavordb/entity_details?id=173
Fruit,Dates,https://cosylab.iiitd.edu.in/flavordb/entity_details?id=177
Fruit,Durian,https://cosylab.iiitd.edu.in/flavordb/entity_details?id=178
Fruit,Elderberry,https://cosylab.iiitd.edu.in/flavordb/entity_details?id=179
Fruit,Feijoa,https://cosylab.iiitd.edu.in/flavordb/entity_details?id=180
Fruit,Fig,https://cosylab.iiitd.edu.in/flavordb/entity_details?id=181
Fruit,Garcinia Indica,https://cosylab.iiitd.edu.in/flavordb/entity_details?id=400
Fruit,Grape,https://cosylab.iiitd.edu.in/flavordb/entity_details?id=182
Fruit,Grapefruit,https://cosylab.iiitd.edu.in/flavordb/entity_details?id=238
Fruit,Guava,https://cosylab.iiitd.edu.in/flavordb/entity_details?id=183
Fruit,Hogplum,https://cosylab.iiitd.edu.in/flavordb/entity_details?id=184
Fruit,Horned Melon,https://cosylab.iiitd.edu.in/flavordb/entity_details?id=884
Fruit,Jackfruit,https://cosylab.iiitd.edu.in/flavordb/entity_details?id=185
Fruit,Japanese Persimmon,https://cosylab.iiitd.edu.in/flavordb/entity_details?id=421
Fruit,Japanese Pumpkin,https://cosylab.iiitd.edu.in/flavordb/entity_details?id=972
Fruit,Jujube,https://cosylab.iiitd.edu.in/flavordb/entity_details?id=574
Fruit,Kiwifruit,https://cosylab.iiitd.edu.in/flavordb/entity_details?id=186
Fruit,Kumquat,https://cosylab.iiitd.edu.in/flavordb/entity_details?id=239
Fruit,Lemon,https://cosylab.iiitd.edu.in/flavordb/entity_details?id=240
Fruit,Lime,https://cosylab.iiitd.edu.in/flavordb/entity_details?id=241
Fruit,Litchi,https://cosylab.iiitd.edu.in/flavordb/entity_details?id=187
Fruit,Loquat,https://cosylab.iiitd.edu.in/flavordb/entity_details?id=188
Fruit,Malabar Plum,https://cosylab.iiitd.edu.in/flavordb/entity_details?id=621
Fruit,Malay Apple,https://cosylab.iiitd.edu.in/flavordb/entity_details?id=189
Fruit,Mammee Apple,https://cosylab.iiitd.edu.in/flavordb/entity_details?id=584
Fruit,Mandarin Orange,https://cosylab.iiitd.edu.in/flavordb/entity_details?id=242
Fruit,Mango,https://cosylab.iiitd.edu.in/flavordb/entity_details?id=190
Fruit,Medlar,https://cosylab.iiitd.edu.in/flavordb/entity_details?id=433
Fruit,Melon,https://cosylab.iiitd.edu.in/flavordb/entity_details?id=191
Fruit,Mountain Papaya,https://cosylab.iiitd.edu.in/flavordb/entity_details?id=197
Fruit,Muscadine Grape,https://cosylab.iiitd.edu.in/flavordb/entity_details?id=459
Fruit,Musk Melon,https://cosylab.iiitd.edu.in/flavordb/entity_details?id=192
Fruit,Nance,https://cosylab.iiitd.edu.in/flavordb/entity_details?id=909
Fruit,Naranjilla,https://cosylab.iiitd.edu.in/flavordb/entity_details?id=193
Fruit,Natal Plum,https://cosylab.iiitd.edu.in/flavordb/entity_details?id=529
Fruit,Orange,https://cosylab.iiitd.edu.in/flavordb/entity_details?id=194
Fruit,Papaya,https://cosylab.iiitd.edu.in/flavordb/entity_details?id=196
Fruit,Passionfruit,https://cosylab.iiitd.edu.in/flavordb/entity_details?id=198
Fruit,Pawpaw,https://cosylab.iiitd.edu.in/flavordb/entity_details?id=200
Fruit,Peach,https://cosylab.iiitd.edu.in/flavordb/entity_details?id=201
Fruit,Pear,https://cosylab.iiitd.edu.in/flavordb/entity_details?id=202
Fruit,Pepino,https://cosylab.iiitd.edu.in/flavordb/entity_details?id=205
Fruit,Persimmon,https://cosylab.iiitd.edu.in/flavordb/entity_details?id=742
Fruit,Pineapple,https://cosylab.iiitd.edu.in/flavordb/entity_details?id=206
Fruit,Plum,https://cosylab.iiitd.edu.in/flavordb/entity_details?id=207
Fruit,Plumcot,https://cosylab.iiitd.edu.in/flavordb/entity_details?id=208
Fruit,Pomegranate,https://cosylab.iiitd.edu.in/flavordb/entity_details?id=394
Fruit,Prickly Pear,https://cosylab.iiitd.edu.in/flavordb/entity_details?id=204
Fruit,Pummelo,https://cosylab.iiitd.edu.in/flavordb/entity_details?id=418
Fruit,Pumpkin,https://cosylab.iiitd.edu.in/flavordb/entity_details?id=209
Fruit,Purple Mangosteen,https://cosylab.iiitd.edu.in/flavordb/entity_details?id=585
Fruit,Quince,https://cosylab.iiitd.edu.in/flavordb/entity_details?id=210
Fruit,Raisin,https://cosylab.iiitd.edu.in/flavordb/entity_details?id=212
Fruit,Rambutan,https://cosylab.iiitd.edu.in/flavordb/entity_details?id=469
Fruit,Red Currant,https://cosylab.iiitd.edu.in/flavordb/entity_details?id=175
Fruit,Rose Hip,https://cosylab.iiitd.edu.in/flavordb/entity_details?id=622
Fruit,Roseapple,https://cosylab.iiitd.edu.in/flavordb/entity_details?id=213
Fruit,Sapodilla,https://cosylab.iiitd.edu.in/flavordb/entity_details?id=214
Fruit,Satsuma Orange,https://cosylab.iiitd.edu.in/flavordb/entity_details?id=243
Fruit,Skunk Currant,https://cosylab.iiitd.edu.in/flavordb/entity_details?id=481
Fruit,Soursop,https://cosylab.iiitd.edu.in/flavordb/entity_details?id=215
Fruit,Spineless Monkey Orange,https://cosylab.iiitd.edu.in/flavordb/entity_details?id=216
Fruit,Starfruit,https://cosylab.iiitd.edu.in/flavordb/entity_details?id=217
Fruit,Tamarind,https://cosylab.iiitd.edu.in/flavordb/entity_details?id=218
Fruit,Tangerine,https://cosylab.iiitd.edu.in/flavordb/entity_details?id=244
Fruit,Tomato,https://cosylab.iiitd.edu.in/flavordb/entity_details?id=364
Fruit,Turkey Berry,https://cosylab.iiitd.edu.in/flavordb/entity_details?id=397
Fruit,Vanilla,https://cosylab.iiitd.edu.in/flavordb/entity_details?id=245
Fruit,Water Chestnut,https://cosylab.iiitd.edu.in/flavordb/entity_details?id=398
Fruit,White Currant,https://cosylab.iiitd.edu.in/flavordb/entity_details?id=176
Fruit,Winter Squash,https://cosylab.iiitd.edu.in/flavordb/entity_details?id=493
Fruit,Woodapple,https://cosylab.iiitd.edu.in/flavordb/entity_details?id=219
Fruit,Yellow Passionfruit,https://cosylab.iiitd.edu.in/flavordb/entity_details?id=199
Fruit Essence,Vanilla,https://cosylab.iiitd.edu.in/flavordb/entity_details?id=245
Fungus,Abalone,https://cosylab.iiitd.edu.in/flavordb/entity_details?id=489
Fungus,Chanterelle,https://cosylab.iiitd.edu.in/flavordb/entity_details?id=723
Fungus,Cloud Ear Fungus,https://cosylab.iiitd.edu.in/flavordb/entity_details?id=710
Fungus,Enokitake,https://cosylab.iiitd.edu.in/flavordb/entity_details?id=707
Fungus,Jew'S Ear,https://cosylab.iiitd.edu.in/flavordb/entity_details?id=703
Fungus,Maitake,https://cosylab.iiitd.edu.in/flavordb/entity_details?id=711
Fungus,Morchella,https://cosylab.iiitd.edu.in/flavordb/entity_details?id=856
Fungus,Mushroom,https://cosylab.iiitd.edu.in/flavordb/entity_details?id=246
Fungus,Oyster Mushroom,https://cosylab.iiitd.edu.in/flavordb/entity_details?id=709
Fungus,Shiitake,https://cosylab.iiitd.edu.in/flavordb/entity_details?id=704
Fungus,Truffle,https://cosylab.iiitd.edu.in/flavordb/entity_details?id=247
Gourd,Ashgourd,https://cosylab.iiitd.edu.in/flavordb/entity_details?id=377
Gourd,Bittergourd,https://cosylab.iiitd.edu.in/flavordb/entity_details?id=378
Gourd,Bottlegourd,https://cosylab.iiitd.edu.in/flavordb/entity_details?id=379
Gourd,Chayote,https://cosylab.iiitd.edu.in/flavordb/entity_details?id=365
Gourd,Cucumber,https://cosylab.iiitd.edu.in/flavordb/entity_details?id=366
Gourd,Cucurbita,https://cosylab.iiitd.edu.in/flavordb/entity_details?id=978
Gourd,Tinda,https://cosylab.iiitd.edu.in/flavordb/entity_details?id=715
Gourd,Towel Gourd,https://cosylab.iiitd.edu.in/flavordb/entity_details?id=661
Herb,Alfalfa,https://cosylab.iiitd.edu.in/flavordb/entity_details?id=496
Herb,Amaranth,https://cosylab.iiitd.edu.in/flavordb/entity_details?id=497
Herb,American Pokeweed,https://cosylab.iiitd.edu.in/flavordb/entity_details?id=613
Herb,Angelica,https://cosylab.iiitd.edu.in/flavordb/entity_details?id=248
Herb,Artemisia,https://cosylab.iiitd.edu.in/flavordb/entity_details?id=249
Herb,Basil,https://cosylab.iiitd.edu.in/flavordb/entity_details?id=250
Herb,Borage,https://cosylab.iiitd.edu.in/flavordb/entity_details?id=413
Herb,Buckwheat,https://cosylab.iiitd.edu.in/flavordb/entity_details?id=251
Herb,Calamus,https://cosylab.iiitd.edu.in/flavordb/entity_details?id=252
Herb,Capers,https://cosylab.iiitd.edu.in/flavordb/entity_details?id=414
Herb,Chervil,https://cosylab.iiitd.edu.in/flavordb/entity_details?id=253
Herb,Chia,https://cosylab.iiitd.edu.in/flavordb/entity_details?id=533
Herb,Common Verbena,https://cosylab.iiitd.edu.in/flavordb/entity_details?id=454
Herb,Coriander,https://cosylab.iiitd.edu.in/flavordb/entity_details?id=254
Herb,Cornmint,https://cosylab.iiitd.edu.in/flavordb/entity_details?id=255
Herb,Curry Leaf,https://cosylab.iiitd.edu.in/flavordb/entity_details?id=385
Herb,Dill,https://cosylab.iiitd.edu.in/flavordb/entity_details?id=256
Herb,Dock,https://cosylab.iiitd.edu.in/flavordb/entity_details?id=548
Herb,Epazote,https://cosylab.iiitd.edu.in/flavordb/entity_details?id=708
Herb,Evening Primrose,https://cosylab.iiitd.edu.in/flavordb/entity_details?id=436
Herb,Fennel,https://cosylab.iiitd.edu.in/flavordb/entity_details?id=257
Herb,Fenugreek,https://cosylab.iiitd.edu.in/flavordb/entity_details?id=258
Herb,Fireweed,https://cosylab.iiitd.edu.in/flavordb/entity_details?id=559
Herb,Garden Cress,https://cosylab.iiitd.edu.in/flavordb/entity_details?id=430
Herb,Garlic,https://cosylab.iiitd.edu.in/flavordb/entity_details?id=259
Herb,Lemon Balm,https://cosylab.iiitd.edu.in/flavordb/entity_details?id=260
Herb,Lemon Verbena,https://cosylab.iiitd.edu.in/flavordb/entity_details?id=410
Herb,Linden,https://cosylab.iiitd.edu.in/flavordb/entity_details?id=450
Herb,Liqourice,https://cosylab.iiitd.edu.in/flavordb/entity_details?id=261
Herb,Mexican Oregano,https://cosylab.iiitd.edu.in/flavordb/entity_details?id=431
Herb,Mint,https://cosylab.iiitd.edu.in/flavordb/entity_details?id=262
Herb,Narrowleaf Cattail,https://cosylab.iiitd.edu.in/flavordb/entity_details?id=718
Herb,Peppermint,https://cosylab.iiitd.edu.in/flavordb/entity_details?id=350
Herb,Pineappple Sage,https://cosylab.iiitd.edu.in/flavordb/entity_details?id=480
Herb,Rhubarb,https://cosylab.iiitd.edu.in/flavordb/entity_details?id=263
Herb,Rocket Salad,https://cosylab.iiitd.edu.in/flavordb/entity_details?id=423
Herb,Roselle,https://cosylab.iiitd.edu.in/flavordb/entity_details?id=623
Herb,Rosemary,https://cosylab.iiitd.edu.in/flavordb/entity_details?id=264
Herb,Safflower,https://cosylab.iiitd.edu.in/flavordb/entity_details?id=415
Herb,Sage,https://cosylab.iiitd.edu.in/flavordb/entity_details?id=265
Herb,Scotch Spearmint,https://cosylab.iiitd.edu.in/flavordb/entity_details?id=267
Herb,Silver Linden,https://cosylab.iiitd.edu.in/flavordb/entity_details?id=408
Herb,Sorrel,https://cosylab.iiitd.edu.in/flavordb/entity_details?id=443
Herb,Sourdock,https://cosylab.iiitd.edu.in/flavordb/entity_details?id=714
Herb,Spearmint,https://cosylab.iiitd.edu.in/flavordb/entity_details?id=266
Herb,Summer Savory,https://cosylab.iiitd.edu.in/flavordb/entity_details?id=444
Herb,Tarragon,https://cosylab.iiitd.edu.in/flavordb/entity_details?id=268
Herb,Tea Leaf Willow,https://cosylab.iiitd.edu.in/flavordb/entity_details?id=671
Herb,Teff,https://cosylab.iiitd.edu.in/flavordb/entity_details?id=658
Herb,Thyme,https://cosylab.iiitd.edu.in/flavordb/entity_details?id=269
Herb,Winter Savory,https://cosylab.iiitd.edu.in/flavordb/entity_details?id=445
Legume,Adzuki Bean,https://cosylab.iiitd.edu.in/flavordb/entity_details?id=455
Legume,Beans,https://cosylab.iiitd.edu.in/flavordb/entity_details?id=284
Legume,Black-Eyed Pea,https://cosylab.iiitd.edu.in/flavordb/entity_details?id=685
Legume,Catjang Pea,https://cosylab.iiitd.edu.in/flavordb/entity_details?id=541
Legume,Chickpea,https://cosylab.iiitd.edu.in/flavordb/entity_details?id=417
Legume,Climbing Bean,https://cosylab.iiitd.edu.in/flavordb/entity_details?id=458
Legume,Cluster Bean,https://cosylab.iiitd.edu.in/flavordb/entity_details?id=401
Legume,Gram Bean,https://cosylab.iiitd.edu.in/flavordb/entity_details?id=456
Legume,Grass Pea,https://cosylab.iiitd.edu.in/flavordb/entity_details?id=428
Legume,Hyacinth Bean,https://cosylab.iiitd.edu.in/flavordb/entity_details?id=569
Legume,Kidney Beans,https://cosylab.iiitd.edu.in/flavordb/entity_details?id=286
Legume,Lentils,https://cosylab.iiitd.edu.in/flavordb/entity_details?id=429
Legume,Lima Beans,https://cosylab.iiitd.edu.in/flavordb/entity_details?id=285
Legume,Millet,https://cosylab.iiitd.edu.in/flavordb/entity_details?id=437
Legume,Moth Bean,https://cosylab.iiitd.edu.in/flavordb/entity_details?id=590
Legume,Mung Bean,https://cosylab.iiitd.edu.in/flavordb/entity_details?id=457
Legume,Peas,https://cosylab.iiitd.edu.in/flavordb/entity_details?id=288
Legume,Pigeon Pea,https://cosylab.iiitd.edu.in/flavordb/entity_details?id=403
Legume,Scarlet Bean,https://cosylab.iiitd.edu.in/flavordb/entity_details?id=438
Legume,Soybean,https://cosylab.iiitd.edu.in/flavordb/entity_details?id=289
Legume,Soybean Oil,https://cosylab.iiitd.edu.in/flavordb/entity_details?id=290
Legume,Winged Bean,https://cosylab.iiitd.edu.in/flavordb/entity_details?id=672
Legume,Yardlong Bean,https://cosylab.iiitd.edu.in/flavordb/entity_details?id=698
Maize,Corn,https://cosylab.iiitd.edu.in/flavordb/entity_details?id=56
Maize,Corn Grits,https://cosylab.iiitd.edu.in/flavordb/entity_details?id=932
Maize,Corn Oil,https://cosylab.iiitd.edu.in/flavordb/entity_details?id=57
Maize,Cornbread,https://cosylab.iiitd.edu.in/flavordb/entity_details?id=931
Maize,Popcorn,https://cosylab.iiitd.edu.in/flavordb/entity_details?id=58
Maize,Sweetcorn,https://cosylab.iiitd.edu.in/flavordb/entity_details?id=59
Meat,Anatidae,https://cosylab.iiitd.edu.in/flavordb/entity_details?id=728
Meat,Beaver,https://cosylab.iiitd.edu.in/flavordb/entity_details?id=507
Meat,Beef,https://cosylab.iiitd.edu.in/flavordb/entity_details?id=270
Meat,Beef Processed,https://cosylab.iiitd.edu.in/flavordb/entity_details?id=271
Meat,Beefalo,https://cosylab.iiitd.edu.in/flavordb/entity_details?id=691
Meat,Bison,https://cosylab.iiitd.edu.in/flavordb/entity_details?id=510
Meat,Black Bear,https://cosylab.iiitd.edu.in/flavordb/entity_details?id=511
Meat,Brown Bear,https://cosylab.iiitd.edu.in/flavordb/entity_details?id=520
Meat,Buffalo,https://cosylab.iiitd.edu.in/flavordb/entity_details?id=521
Meat,Caribou,https://cosylab.iiitd.edu.in/flavordb/entity_details?id=528
Meat,Chicken,https://cosylab.iiitd.edu.in/flavordb/entity_details?id=272
Meat,Columbidae,https://cosylab.iiitd.edu.in/flavordb/entity_details?id=757
Meat,Deer,https://cosylab.iiitd.edu.in/flavordb/entity_details?id=686
Meat,Elk,https://cosylab.iiitd.edu.in/flavordb/entity_details?id=553
Meat,Emu,https://cosylab.iiitd.edu.in/flavordb/entity_details?id=554
Meat,European Rabbit,https://cosylab.iiitd.edu.in/flavordb/entity_details?id=617
Meat,Great Horned Owl,https://cosylab.iiitd.edu.in/flavordb/entity_details?id=699
Meat,Green Turtle,https://cosylab.iiitd.edu.in/flavordb/entity_details?id=829
Meat,Greylag Goose,https://cosylab.iiitd.edu.in/flavordb/entity_details?id=562
Meat,Guinea Hen,https://cosylab.iiitd.edu.in/flavordb/entity_details?id=977
Meat,Ham,https://cosylab.iiitd.edu.in/flavordb/entity_details?id=274
Meat,Horse,https://cosylab.iiitd.edu.in/flavordb/entity_details?id=568
Meat,Lamb,https://cosylab.iiitd.edu.in/flavordb/entity_details?id=275
Meat,Mallard Duck,https://cosylab.iiitd.edu.in/flavordb/entity_details?id=551
Meat,Meat,https://cosylab.iiitd.edu.in/flavordb/entity_details?id=276
Meat,Moose,https://cosylab.iiitd.edu.in/flavordb/entity_details?id=589
Meat,Mountain Hare,https://cosylab.iiitd.edu.in/flavordb/entity_details?id=733
Meat,Mule Deer,https://cosylab.iiitd.edu.in/flavordb/entity_details?id=546
Meat,Muskrat,https://cosylab.iiitd.edu.in/flavordb/entity_details?id=593
Meat,Mutton,https://cosylab.iiitd.edu.in/flavordb/entity_details?id=277
Meat,Opossum,https://cosylab.iiitd.edu.in/flavordb/entity_details?id=600
Meat,Ostrich,https://cosylab.iiitd.edu.in/flavordb/entity_details?id=601
Meat,Other Meat Product,https://cosylab.iiitd.edu.in/flavordb/entity_details?id=787
Meat,Pheasant,https://cosylab.iiitd.edu.in/flavordb/entity_details?id=607
Meat,Polar Bear,https://cosylab.iiitd.edu.in/flavordb/entity_details?id=614
Meat,Pork,https://cosylab.iiitd.edu.in/flavordb/entity_details?id=278
Meat,Quail,https://cosylab.iiitd.edu.in/flavordb/entity_details?id=700
Meat,Rabbit,https://cosylab.iiitd.edu.in/flavordb/entity_details?id=690
Meat,Raccoon,https://cosylab.iiitd.edu.in/flavordb/entity_details?id=618
Meat,Rock Ptarmigan,https://cosylab.iiitd.edu.in/flavordb/entity_details?id=745
Meat,Snail,https://cosylab.iiitd.edu.in/flavordb/entity_details?id=751
Meat,Squab,https://cosylab.iiitd.edu.in/flavordb/entity_details?id=651
Meat,Squirrel,https://cosylab.iiitd.edu.in/flavordb/entity_details?id=652
Meat,Sukiyaki,https://cosylab.iiitd.edu.in/flavordb/entity_details?id=279
Meat,True Frog,https://cosylab.iiitd.edu.in/flavordb/entity_details?id=730
Meat,Turkey,https://cosylab.iiitd.edu.in/flavordb/entity_details?id=280
Meat,Wild Boar,https://cosylab.iiitd.edu.in/flavordb/entity_details?id=515
Nut,Acorn,https://cosylab.iiitd.edu.in/flavordb/entity_details?id=492
Nut,Almond,https://cosylab.iiitd.edu.in/flavordb/entity_details?id=281
Nut,Beech Nut,https://cosylab.iiitd.edu.in/flavordb/entity_details?id=508
Nut,Brazil Nut,https://cosylab.iiitd.edu.in/flavordb/entity_details?id=282
Nut,Butternut,https://cosylab.iiitd.edu.in/flavordb/entity_details?id=525
Nut,Cashew Nut,https://cosylab.iiitd.edu.in/flavordb/entity_details?id=411
Nut,Chestnut,https://cosylab.iiitd.edu.in/flavordb/entity_details?id=416
Nut,Chinese Chestnut,https://cosylab.iiitd.edu.in/flavordb/entity_details?id=534
Nut,European Chestnut,https://cosylab.iiitd.edu.in/flavordb/entity_details?id=557
Nut,Filbert,https://cosylab.iiitd.edu.in/flavordb/entity_details?id=292
Nut,Ginkgo Nuts,https://cosylab.iiitd.edu.in/flavordb/entity_details?id=561
Nut,Hazelnut,https://cosylab.iiitd.edu.in/flavordb/entity_details?id=293
Nut,Japanese Chestnut,https://cosylab.iiitd.edu.in/flavordb/entity_details?id=572
Nut,Macadamia Nut,https://cosylab.iiitd.edu.in/flavordb/entity_details?id=294
Nut,Mixed Nuts,https://cosylab.iiitd.edu.in/flavordb/entity_details?id=894
Nut,Nuts,https://cosylab.iiitd.edu.in/flavordb/entity_details?id=295
Nut,Peanut,https://cosylab.iiitd.edu.in/flavordb/entity_details?id=287
Nut,Pecans,https://cosylab.iiitd.edu.in/flavordb/entity_details?id=296
Nut,Pili Nut,https://cosylab.iiitd.edu.in/flavordb/entity_details?id=609
Nut,Pistachio,https://cosylab.iiitd.edu.in/flavordb/entity_details?id=439
Nut,Walnut,https://cosylab.iiitd.edu.in/flavordb/entity_details?id=297
Plant Derivative,Apple Cider Vinegar,https://cosylab.iiitd.edu.in/flavordb/entity_details?id=383
Plant Derivative,Breadnut Tree Seed,https://cosylab.iiitd.edu.in/flavordb/entity_details?id=518
Plant Derivative,Chocolate,https://cosylab.iiitd.edu.in/flavordb/entity_details?id=817
Plant Derivative,Chocolate Spread,https://cosylab.iiitd.edu.in/flavordb/entity_details?id=806
Plant Derivative,Cocoa Butter,https://cosylab.iiitd.edu.in/flavordb/entity_details?id=814
Plant Derivative,Cocoa Powder,https://cosylab.iiitd.edu.in/flavordb/entity_details?id=815
Plant Derivative,Cottonseed,https://cosylab.iiitd.edu.in/flavordb/entity_details?id=540
Plant Derivative,Creosote,https://cosylab.iiitd.edu.in/flavordb/entity_details?id=314
Plant Derivative,Fermented Tea,https://cosylab.iiitd.edu.in/flavordb/entity_details?id=311
Plant Derivative,Honey,https://cosylab.iiitd.edu.in/flavordb/entity_details?id=315
Plant Derivative,Jute,https://cosylab.iiitd.edu.in/flavordb/entity_details?id=575
Plant Derivative,Macaroni,https://cosylab.iiitd.edu.in/flavordb/entity_details?id=316
Plant Derivative,Mustard Oil,https://cosylab.iiitd.edu.in/flavordb/entity_details?id=317
Plant Derivative,Peanut Butter,https://cosylab.iiitd.edu.in/flavordb/entity_details?id=318
Plant Derivative,Peanut Oil,https://cosylab.iiitd.edu.in/flavordb/entity_details?id=319
Plant Derivative,Soy Yogurt,https://cosylab.iiitd.edu.in/flavordb/entity_details?id=890
Plant Derivative,Soybean Sauce,https://cosylab.iiitd.edu.in/flavordb/entity_details?id=291
Plant Derivative,Storax,https://cosylab.iiitd.edu.in/flavordb/entity_details?id=321
Plant Derivative,Tofu,https://cosylab.iiitd.edu.in/flavordb/entity_details?id=823
Plant Derivative,Vinegar,https://cosylab.iiitd.edu.in/flavordb/entity_details?id=322
Plant,Abiyuch,https://cosylab.iiitd.edu.in/flavordb/entity_details?id=490
Plant,Agave,https://cosylab.iiitd.edu.in/flavordb/entity_details?id=717
Plant,Alaska Wild Rhubarb,https://cosylab.iiitd.edu.in/flavordb/entity_details?id=696
Plant,Allium,https://cosylab.iiitd.edu.in/flavordb/entity_details?id=300
Plant,Alpine Sweetvetch,https://cosylab.iiitd.edu.in/flavordb/entity_details?id=586
Plant,Alpinia,https://cosylab.iiitd.edu.in/flavordb/entity_details?id=301
Plant,Apple Cider Vinegar,https://cosylab.iiitd.edu.in/flavordb/entity_details?id=383
Plant,Babassu Palm,https://cosylab.iiitd.edu.in/flavordb/entity_details?id=895
Plant,Bamboo Shoots,https://cosylab.iiitd.edu.in/flavordb/entity_details?id=505
Plant,Black Salsify,https://cosylab.iiitd.edu.in/flavordb/entity_details?id=747
Plant,Breadnut Tree Seed,https://cosylab.iiitd.edu.in/flavordb/entity_details?id=518
Plant,Cardoon,https://cosylab.iiitd.edu.in/flavordb/entity_details?id=527
Plant,Carob,https://cosylab.iiitd.edu.in/flavordb/entity_details?id=530
Plant,Ceriman,https://cosylab.iiitd.edu.in/flavordb/entity_details?id=302
Plant,Chicory,https://cosylab.iiitd.edu.in/flavordb/entity_details?id=303
Plant,Chocolate,https://cosylab.iiitd.edu.in/flavordb/entity_details?id=817
Plant,Chocolate Spread,https://cosylab.iiitd.edu.in/flavordb/entity_details?id=806
Plant,Cocoa Butter,https://cosylab.iiitd.edu.in/flavordb/entity_details?id=814
Plant,Cocoa Powder,https://cosylab.iiitd.edu.in/flavordb/entity_details?id=815
Plant,Colorado Pinyon,https://cosylab.iiitd.edu.in/flavordb/entity_details?id=610
Plant,Common Salsify,https://cosylab.iiitd.edu.in/flavordb/entity_details?id=633
Plant,Cottonseed,https://cosylab.iiitd.edu.in/flavordb/entity_details?id=540
Plant,Creosote,https://cosylab.iiitd.edu.in/flavordb/entity_details?id=314
Plant,Fermented Tea,https://cosylab.iiitd.edu.in/flavordb/entity_details?id=311
Plant,French Plantain,https://cosylab.iiitd.edu.in/flavordb/entity_details?id=612
Plant,Giant Butterbur,https://cosylab.iiitd.edu.in/flavordb/entity_details?id=523
Plant,Honey,https://cosylab.iiitd.edu.in/flavordb/entity_details?id=315
Plant,Hops,https://cosylab.iiitd.edu.in/flavordb/entity_details?id=304
Plant,Jute,https://cosylab.iiitd.edu.in/flavordb/entity_details?id=575
Plant,Lambsquarters,https://cosylab.iiitd.edu.in/flavordb/entity_details?id=578
Plant,Laurel,https://cosylab.iiitd.edu.in/flavordb/entity_details?id=305
Plant,Longan,https://cosylab.iiitd.edu.in/flavordb/entity_details?id=466
Plant,Lupine,https://cosylab.iiitd.edu.in/flavordb/entity_details?id=432
Plant,Macaroni,https://cosylab.iiitd.edu.in/flavordb/entity_details?id=316
Plant,Mustard Oil,https://cosylab.iiitd.edu.in/flavordb/entity_details?id=317
Plant,Myrtle,https://cosylab.iiitd.edu.in/flavordb/entity_details?id=306
Plant,Nopal,https://cosylab.iiitd.edu.in/flavordb/entity_details?id=595
Plant,Oil Palm,https://cosylab.iiitd.edu.in/flavordb/entity_details?id=740
Plant,Oil-Seed Camellia,https://cosylab.iiitd.edu.in/flavordb/entity_details?id=898
Plant,Olive,https://cosylab.iiitd.edu.in/flavordb/entity_details?id=307
Plant,Oregon Yampah,https://cosylab.iiitd.edu.in/flavordb/entity_details?id=555
Plant,Ostrich Fern,https://cosylab.iiitd.edu.in/flavordb/entity_details?id=712
Plant,Peanut Butter,https://cosylab.iiitd.edu.in/flavordb/entity_details?id=318
Plant,Peanut Oil,https://cosylab.iiitd.edu.in/flavordb/entity_details?id=319
Plant,Pine,https://cosylab.iiitd.edu.in/flavordb/entity_details?id=308
Plant,Purslane,https://cosylab.iiitd.edu.in/flavordb/entity_details?id=440
Plant,Rowal,https://cosylab.iiitd.edu.in/flavordb/entity_details?id=702
Plant,Sago Palm,https://cosylab.iiitd.edu.in/flavordb/entity_details?id=741
Plant,Sassafras,https://cosylab.iiitd.edu.in/flavordb/entity_details?id=309
Plant,Shea Tree,https://cosylab.iiitd.edu.in/flavordb/entity_details?id=897
Plant,Small Leaf Linden,https://cosylab.iiitd.edu.in/flavordb/entity_details?id=451
Plant,Soy Yogurt,https://cosylab.iiitd.edu.in/flavordb/entity_details?id=890
Plant,Soybean Sauce,https://cosylab.iiitd.edu.in/flavordb/entity_details?id=291
Plant,Storax,https://cosylab.iiitd.edu.in/flavordb/entity_details?id=321
Plant,Tea,https://cosylab.iiitd.edu.in/flavordb/entity_details?id=310
Plant,Thistle,https://cosylab.iiitd.edu.in/flavordb/entity_details?id=754
Plant,Tobacco,https://cosylab.iiitd.edu.in/flavordb/entity_details?id=312
Plant,Tofu,https://cosylab.iiitd.edu.in/flavordb/entity_details?id=823
Plant,Tree Fern,https://cosylab.iiitd.edu.in/flavordb/entity_details?id=918
Plant,Ucuhuba,https://cosylab.iiitd.edu.in/flavordb/entity_details?id=899
Plant,Vinegar,https://cosylab.iiitd.edu.in/flavordb/entity_details?id=322
Plant,Watercress,https://cosylab.iiitd.edu.in/flavordb/entity_details?id=313
Plant,White Lupine,https://cosylab.iiitd.edu.in/flavordb/entity_details?id=582
Plant,Yautia,https://cosylab.iiitd.edu.in/flavordb/entity_details?id=675
Plant,Yellow Pond Lily,https://cosylab.iiitd.edu.in/flavordb/entity_details?id=952
Seafood,Ascidians,https://cosylab.iiitd.edu.in/flavordb/entity_details?id=950
Seafood,Bearded Seal,https://cosylab.iiitd.edu.in/flavordb/entity_details?id=639
Seafood,Bivalvia,https://cosylab.iiitd.edu.in/flavordb/entity_details?id=693
Seafood,Clam,https://cosylab.iiitd.edu.in/flavordb/entity_details?id=134
Seafood,Common Octopus,https://cosylab.iiitd.edu.in/flavordb/entity_details?id=538
Seafood,Crab,https://cosylab.iiitd.edu.in/flavordb/entity_details?id=135
Seafood,Crayfish,https://cosylab.iiitd.edu.in/flavordb/entity_details?id=136
Seafood,Irish Moss,https://cosylab.iiitd.edu.in/flavordb/entity_details?id=570
Seafood,Jellyfish,https://cosylab.iiitd.edu.in/flavordb/entity_details?id=719
Seafood,Kelp,https://cosylab.iiitd.edu.in/flavordb/entity_details?id=137
Seafood,Kombu,https://cosylab.iiitd.edu.in/flavordb/entity_details?id=750
Seafood,Krill,https://cosylab.iiitd.edu.in/flavordb/entity_details?id=138
Seafood,Leather Chiton,https://cosylab.iiitd.edu.in/flavordb/entity_details?id=579
Seafood,Lobster,https://cosylab.iiitd.edu.in/flavordb/entity_details?id=139
Seafood,Mollusc,https://cosylab.iiitd.edu.in/flavordb/entity_details?id=140
Seafood,North Pacific Giant Octopus,https://cosylab.iiitd.edu.in/flavordb/entity_details?id=597
Seafood,Oyster,https://cosylab.iiitd.edu.in/flavordb/entity_details?id=141
Seafood,Prawn,https://cosylab.iiitd.edu.in/flavordb/entity_details?id=142
Seafood,Purple Laver,https://cosylab.iiitd.edu.in/flavordb/entity_details?id=705
Seafood,Red Algae,https://cosylab.iiitd.edu.in/flavordb/entity_details?id=749
Seafood,Red King Crab,https://cosylab.iiitd.edu.in/flavordb/entity_details?id=495
Seafood,Ringed Seal,https://cosylab.iiitd.edu.in/flavordb/entity_details?id=640
Seafood,Scallop,https://cosylab.iiitd.edu.in/flavordb/entity_details?id=143
Seafood,Sea Cucumber,https://cosylab.iiitd.edu.in/flavordb/entity_details?id=637
Seafood,Shellfish,https://cosylab.iiitd.edu.in/flavordb/entity_details?id=144
Seafood,Shrimp,https://cosylab.iiitd.edu.in/flavordb/entity_details?id=145
Seafood,Spiny Lobster,https://cosylab.iiitd.edu.in/flavordb/entity_details?id=684
Seafood,Spotted Seal,https://cosylab.iiitd.edu.in/flavordb/entity_details?id=602
Seafood,Squid,https://cosylab.iiitd.edu.in/flavordb/entity_details?id=147
Seafood,Steller Sea Lion,https://cosylab.iiitd.edu.in/flavordb/entity_details?id=638
Seafood,Trassi,https://cosylab.iiitd.edu.in/flavordb/entity_details?id=146
Seafood,True Seal,https://cosylab.iiitd.edu.in/flavordb/entity_details?id=748
Seafood,Wakame,https://cosylab.iiitd.edu.in/flavordb/entity_details?id=706
Seafood,Walrus,https://cosylab.iiitd.edu.in/flavordb/entity_details?id=695
Seafood,Whelk,https://cosylab.iiitd.edu.in/flavordb/entity_details?id=665
Seed,Cocoa,https://cosylab.iiitd.edu.in/flavordb/entity_details?id=283
Seed,Flaxseed,https://cosylab.iiitd.edu.in/flavordb/entity_details?id=388
Seed,Muskmallow,https://cosylab.iiitd.edu.in/flavordb/entity_details?id=298
Seed,Nigella Seed,https://cosylab.iiitd.edu.in/flavordb/entity_details?id=392
Seed,Sesame,https://cosylab.iiitd.edu.in/flavordb/entity_details?id=299
Spice,Allspice,https://cosylab.iiitd.edu.in/flavordb/entity_details?id=375
Spice,Anise,https://cosylab.iiitd.edu.in/flavordb/entity_details?id=323
Spice,Anise Hyssop,https://cosylab.iiitd.edu.in/flavordb/entity_details?id=324
Spice,Asafoetida,https://cosylab.iiitd.edu.in/flavordb/entity_details?id=376
Spice,Caraway,https://cosylab.iiitd.edu.in/flavordb/entity_details?id=326
Spice,Cardamom,https://cosylab.iiitd.edu.in/flavordb/entity_details?id=327
Spice,Carom Seed,https://cosylab.iiitd.edu.in/flavordb/entity_details?id=381
Spice,Cassia,https://cosylab.iiitd.edu.in/flavordb/entity_details?id=328
Spice,Celery,https://cosylab.iiitd.edu.in/flavordb/entity_details?id=329
Spice,Cinnamon,https://cosylab.iiitd.edu.in/flavordb/entity_details?id=330
Spice,Clove,https://cosylab.iiitd.edu.in/flavordb/entity_details?id=331
Spice,Cumin,https://cosylab.iiitd.edu.in/flavordb/entity_details?id=332
Spice,Ginger,https://cosylab.iiitd.edu.in/flavordb/entity_details?id=333
Spice,Jalapeno,https://cosylab.iiitd.edu.in/flavordb/entity_details?id=389
Spice,Mace,https://cosylab.iiitd.edu.in/flavordb/entity_details?id=334
Spice,Marjoram,https://cosylab.iiitd.edu.in/flavordb/entity_details?id=335
Spice,Nutmeg,https://cosylab.iiitd.edu.in/flavordb/entity_details?id=336
Spice,Oregano,https://cosylab.iiitd.edu.in/flavordb/entity_details?id=337
Spice,Parsley,https://cosylab.iiitd.edu.in/flavordb/entity_details?id=338
Spice,Pepper,https://cosylab.iiitd.edu.in/flavordb/entity_details?id=339
Spice,Poppy Seed,https://cosylab.iiitd.edu.in/flavordb/entity_details?id=395
Spice,Saffron,https://cosylab.iiitd.edu.in/flavordb/entity_details?id=340
Spice,Star Anise,https://cosylab.iiitd.edu.in/flavordb/entity_details?id=325
Spice,Turmeric,https://cosylab.iiitd.edu.in/flavordb/entity_details?id=341
Spice,White Pepper,https://cosylab.iiitd.edu.in/flavordb/entity_details?id=399
Vegetable Fruit,Capsicum,https://cosylab.iiitd.edu.in/flavordb/entity_details?id=362
Vegetable Fruit,Cherry Pepper,https://cosylab.iiitd.edu.in/flavordb/entity_details?id=363
Vegetable Fruit,Tomato,https://cosylab.iiitd.edu.in/flavordb/entity_details?id=364
Vegetable Fruit,Turkey Berry,https://cosylab.iiitd.edu.in/flavordb/entity_details?id=397
Vegetable Root,Beetroot,https://cosylab.iiitd.edu.in/flavordb/entity_details?id=367
Vegetable Root,Carrot,https://cosylab.iiitd.edu.in/flavordb/entity_details?id=368
Vegetable Root,Ginseng,https://cosylab.iiitd.edu.in/flavordb/entity_details?id=465
Vegetable Root,Parsnip,https://cosylab.iiitd.edu.in/flavordb/entity_details?id=369
Vegetable Root,Radish,https://cosylab.iiitd.edu.in/flavordb/entity_details?id=357
Vegetable Root,Rutabaga,https://cosylab.iiitd.edu.in/flavordb/entity_details?id=360
Vegetable Root,Sweet Potato,https://cosylab.iiitd.edu.in/flavordb/entity_details?id=370
Vegetable Root,Turnip,https://cosylab.iiitd.edu.in/flavordb/entity_details?id=358
Vegetable Stem,Asparagus,https://cosylab.iiitd.edu.in/flavordb/entity_details?id=371
Vegetable,Arrowhead,https://cosylab.iiitd.edu.in/flavordb/entity_details?id=498
Vegetable,Arrowroot,https://cosylab.iiitd.edu.in/flavordb/entity_details?id=499
Vegetable,Asparagus,https://cosylab.iiitd.edu.in/flavordb/entity_details?id=371
Vegetable,Beetroot,https://cosylab.iiitd.edu.in/flavordb/entity_details?id=367
Vegetable,Burdock,https://cosylab.iiitd.edu.in/flavordb/entity_details?id=412
Vegetable,Capsicum,https://cosylab.iiitd.edu.in/flavordb/entity_details?id=362
Vegetable,Carrot,https://cosylab.iiitd.edu.in/flavordb/entity_details?id=368
Vegetable,Cassava,https://cosylab.iiitd.edu.in/flavordb/entity_details?id=372
Vegetable,Chard,https://cosylab.iiitd.edu.in/flavordb/entity_details?id=382
Vegetable,Cherry Pepper,https://cosylab.iiitd.edu.in/flavordb/entity_details?id=363
Vegetable,Chive,https://cosylab.iiitd.edu.in/flavordb/entity_details?id=343
Vegetable,Colocasia,https://cosylab.iiitd.edu.in/flavordb/entity_details?id=384
Vegetable,Corn Salad,https://cosylab.iiitd.edu.in/flavordb/entity_details?id=539
Vegetable,Drumstick Leaf,https://cosylab.iiitd.edu.in/flavordb/entity_details?id=386
Vegetable,Eggplant,https://cosylab.iiitd.edu.in/flavordb/entity_details?id=387
Vegetable,Endive,https://cosylab.iiitd.edu.in/flavordb/entity_details?id=344
Vegetable,Ginseng,https://cosylab.iiitd.edu.in/flavordb/entity_details?id=465
Vegetable,Green Beans,https://cosylab.iiitd.edu.in/flavordb/entity_details?id=342
Vegetable,Green Zucchini,https://cosylab.iiitd.edu.in/flavordb/entity_details?id=968
Vegetable,Heart Of Palm,https://cosylab.iiitd.edu.in/flavordb/entity_details?id=843
Vegetable,Jerusalem Artichoke,https://cosylab.iiitd.edu.in/flavordb/entity_details?id=573
Vegetable,Jicama,https://cosylab.iiitd.edu.in/flavordb/entity_details?id=674
Vegetable,Leek,https://cosylab.iiitd.edu.in/flavordb/entity_details?id=345
Vegetable,Lettuce,https://cosylab.iiitd.edu.in/flavordb/entity_details?id=346
Vegetable,Malabar Spinach,https://cosylab.iiitd.edu.in/flavordb/entity_details?id=583
Vegetable,Mountain Yam,https://cosylab.iiitd.edu.in/flavordb/entity_details?id=591
Vegetable,New Zealand Spinach,https://cosylab.iiitd.edu.in/flavordb/entity_details?id=594
Vegetable,Okra,https://cosylab.iiitd.edu.in/flavordb/entity_details?id=347
Vegetable,Onion,https://cosylab.iiitd.edu.in/flavordb/entity_details?id=348
Vegetable,Parsnip,https://cosylab.iiitd.edu.in/flavordb/entity_details?id=369
Vegetable,Pepper C. Baccatum,https://cosylab.iiitd.edu.in/flavordb/entity_details?id=467
Vegetable,Pepper C. Chinense,https://cosylab.iiitd.edu.in/flavordb/entity_details?id=468
Vegetable,Potato,https://cosylab.iiitd.edu.in/flavordb/entity_details?id=373
Vegetable,Radish,https://cosylab.iiitd.edu.in/flavordb/entity_details?id=357
Vegetable,Redskin Onion,https://cosylab.iiitd.edu.in/flavordb/entity_details?id=409
Vegetable,Rutabaga,https://cosylab.iiitd.edu.in/flavordb/entity_details?id=360
Vegetable,Shallot,https://cosylab.iiitd.edu.in/flavordb/entity_details?id=349
Vegetable,Spinach,https://cosylab.iiitd.edu.in/flavordb/entity_details?id=396
Vegetable,Sweet Potato,https://cosylab.iiitd.edu.in/flavordb/entity_details?id=370
Vegetable,Tapioca Pearl,https://cosylab.iiitd.edu.in/flavordb/entity_details?id=870
Vegetable,Taro,https://cosylab.iiitd.edu.in/flavordb/entity_details?id=657
Vegetable,Tomato,https://cosylab.iiitd.edu.in/flavordb/entity_details?id=364
Vegetable,Turkey Berry,https://cosylab.iiitd.edu.in/flavordb/entity_details?id=397
Vegetable,Turnip,https://cosylab.iiitd.edu.in/flavordb/entity_details?id=358
Vegetable,Welsh Onion,https://cosylab.iiitd.edu.in/flavordb/entity_details?id=472
Vegetable,Yam,https://cosylab.iiitd.edu.in/flavordb/entity_details?id=673
Vegetable,Yellow Zucchini,https://cosylab.iiitd.edu.in/flavordb/entity_details?id=969
